vdsTime,longitude,latitude
"2016-11-02 00:00:00",-122.453661,48.789165
"2016-11-02 00:00:13",-122.45366,48.789165
"2016-11-02 00:00:23",-122.45366,48.789166
"2016-11-02 00:01:00",-122.453659,48.789167
"2016-11-02 13:48:17",-122.45366,48.789255
"2016-11-02 13:48:24",-122.45366,48.789255
"2016-11-02 13:49:18",-122.453659,48.789255
"2016-11-02 13:49:33",-122.453658,48.789254
"2016-11-02 13:49:37",-122.453658,48.789254
"2016-11-02 13:49:44",-122.453658,48.789255
"2016-11-02 13:49:51",-122.453658,48.789254
"2016-11-02 13:50:24",-122.453657,48.789253
"2016-11-02 13:50:38",-122.453656,48.789253
"2016-11-02 13:50:43",-122.453656,48.789253
"2016-11-02 13:50:51",-122.453655,48.789253
"2016-11-02 13:50:56",-122.453655,48.789254
"2016-11-02 13:51:02",-122.453654,48.789255
"2016-11-02 13:51:11",-122.453654,48.789255
"2016-11-02 13:51:30",-122.453654,48.789255
"2016-11-02 13:51:54",-122.453653,48.789256
"2016-11-02 13:52:00",-122.453653,48.789256
"2016-11-02 13:52:08",-122.453652,48.789257
"2016-11-02 13:52:13",-122.453652,48.789257
"2016-11-02 13:52:26",-122.453652,48.789256
"2016-11-02 13:52:37",-122.453651,48.789256
"2016-11-02 13:52:42",-122.453651,48.789257
"2016-11-02 13:52:46",-122.45365,48.789258
"2016-11-02 13:52:54",-122.453648,48.78926
"2016-11-02 13:53:00",-122.453648,48.789262
"2016-11-02 13:53:32",-122.453649,48.789263
"2016-11-02 13:53:39",-122.45365,48.789262
"2016-11-02 13:53:47",-122.45365,48.789263
"2016-11-02 13:53:56",-122.45365,48.789262
"2016-11-02 13:54:15",-122.45365,48.789262
"2016-11-02 13:54:20",-122.453649,48.789262
"2016-11-02 13:54:26",-122.453649,48.789263
"2016-11-02 13:54:45",-122.453649,48.789262
"2016-11-02 13:54:58",-122.453648,48.789262
"2016-11-02 13:55:02",-122.453648,48.789261
"2016-11-02 13:55:07",-122.453648,48.78926
"2016-11-02 13:55:12",-122.453648,48.789259
"2016-11-02 13:55:17",-122.453648,48.789258
"2016-11-02 13:55:23",-122.453648,48.789257
"2016-11-02 13:55:45",-122.453648,48.789257
"2016-11-02 13:55:59",-122.453648,48.789256
"2016-11-02 13:56:13",-122.453648,48.789255
"2016-11-02 13:56:19",-122.453647,48.789255
"2016-11-02 13:56:27",-122.453647,48.789255
"2016-11-02 13:56:43",-122.453647,48.789255
"2016-11-02 13:57:09",-122.453647,48.789255
"2016-11-02 13:57:24",-122.453647,48.789255
"2016-11-02 13:57:39",-122.453646,48.789255
"2016-11-02 13:58:13",-122.453645,48.789254
"2016-11-02 13:58:44",-122.453645,48.789253
"2016-11-02 13:59:49",-122.453645,48.789252
"2016-11-02 13:59:55",-122.453645,48.789252
"2016-11-02 14:00:00",-122.453645,48.789251
"2016-11-02 14:00:09",-122.453645,48.789251
"2016-11-02 14:00:29",-122.453645,48.78925
"2016-11-02 14:00:35",-122.453645,48.789249
"2016-11-02 14:00:43",-122.453646,48.789247
"2016-11-02 14:00:48",-122.453646,48.789246
"2016-11-02 14:00:54",-122.453646,48.789244
"2016-11-02 14:01:01",-122.453647,48.789243
"2016-11-02 14:01:06",-122.453647,48.789242
"2016-11-02 14:01:17",-122.453647,48.789241
"2016-11-02 14:01:23",-122.453648,48.78924
"2016-11-02 14:01:28",-122.453648,48.789239
"2016-11-02 14:01:33",-122.453648,48.789238
"2016-11-02 14:01:40",-122.453648,48.789237
"2016-11-02 14:01:50",-122.453648,48.789237
"2016-11-02 14:02:00",-122.453648,48.789236
"2016-11-02 14:02:22",-122.453648,48.789236
"2016-11-02 14:03:07",-122.453647,48.789236
"2016-11-02 14:03:25",-122.453647,48.789237
"2016-11-02 14:03:31",-122.453647,48.789236
"2016-11-02 14:03:41",-122.453647,48.789237
"2016-11-02 14:03:47",-122.453647,48.789237
"2016-11-02 14:04:33",-122.453647,48.789235
"2016-11-02 14:04:40",-122.453647,48.789234
"2016-11-02 14:04:56",-122.453648,48.789233
"2016-11-02 14:05:02",-122.453648,48.789232
"2016-11-02 14:05:07",-122.453648,48.789231
"2016-11-02 14:05:16",-122.453649,48.78923
"2016-11-02 14:05:24",-122.453649,48.789229
"2016-11-02 14:05:29",-122.453649,48.789229
"2016-11-02 14:05:35",-122.453649,48.789228
"2016-11-02 14:05:46",-122.45365,48.789228
"2016-11-02 14:05:56",-122.45365,48.789227
"2016-11-02 14:06:03",-122.45365,48.789226
"2016-11-02 14:06:11",-122.453651,48.789225
"2016-11-02 14:06:18",-122.453651,48.789224
"2016-11-02 14:06:26",-122.453651,48.789223
"2016-11-02 14:06:34",-122.453652,48.789223
"2016-11-02 14:06:50",-122.453651,48.789223
"2016-11-02 14:07:15",-122.453651,48.789223
"2016-11-02 14:07:24",-122.453651,48.789221
"2016-11-02 14:07:32",-122.453651,48.78922
"2016-11-02 14:07:41",-122.453652,48.78922
"2016-11-02 14:08:01",-122.453652,48.789219
"2016-11-02 14:08:12",-122.453653,48.789218
"2016-11-02 14:08:33",-122.453653,48.789218
"2016-11-02 14:08:57",-122.453652,48.789219
"2016-11-02 14:09:03",-122.453652,48.789218
"2016-11-02 14:09:52",-122.453652,48.789219
"2016-11-02 14:11:07",-122.453652,48.789219
"2016-11-02 14:11:14",-122.453651,48.789219
"2016-11-02 14:11:22",-122.453651,48.789219
"2016-11-02 14:11:45",-122.453652,48.789218
"2016-11-02 14:11:53",-122.453652,48.789217
"2016-11-02 14:11:58",-122.453652,48.789217
"2016-11-02 14:12:14",-122.453652,48.789217
"2016-11-02 14:12:21",-122.453652,48.789208
"2016-11-02 14:12:26",-122.453653,48.78918
"2016-11-02 14:12:31",-122.453658,48.789166
"2016-11-02 14:12:44",-122.453659,48.789166
"2016-11-02 14:13:01",-122.453658,48.789166
"2016-11-02 14:13:32",-122.453658,48.789166
"2016-11-02 14:14:06",-122.453658,48.789166
"2016-11-02 14:14:48",-122.45366,48.789165
"2016-11-02 14:15:17",-122.45366,48.789165
"2016-11-02 14:16:52",-122.45366,48.789165
"2016-11-02 14:17:04",-122.45366,48.789165
"2016-11-02 14:17:54",-122.45366,48.789165
"2016-11-02 14:19:25",-122.453662,48.789164
"2016-11-02 14:20:53",-122.453666,48.789165
"2016-11-02 14:21:26",-122.453667,48.789166
"2016-11-02 14:22:09",-122.453667,48.789167
"2016-11-02 14:22:25",-122.453667,48.789167
"2016-11-02 14:22:30",-122.453667,48.789167
"2016-11-02 14:23:31",-122.45367,48.789165
"2016-11-02 14:23:36",-122.453672,48.789162
"2016-11-02 14:24:10",-122.453673,48.789162
"2016-11-02 14:24:25",-122.453673,48.789162
"2016-11-02 14:26:06",-122.453673,48.789162
"2016-11-02 14:29:26",-122.453672,48.789164
"2016-11-02 14:30:46",-122.453672,48.789165
"2016-11-02 14:31:15",-122.453672,48.789166
"2016-11-02 14:31:28",-122.453672,48.789166
"2016-11-02 14:33:22",-122.453673,48.789167
"2016-11-02 14:34:39",-122.453674,48.789167
"2016-11-02 14:34:44",-122.45366,48.789189
"2016-11-02 14:34:49",-122.453652,48.7892
"2016-11-02 14:35:40",-122.453656,48.789196
"2016-11-02 14:35:47",-122.453656,48.789197
"2016-11-02 14:36:00",-122.453659,48.789201
"2016-11-02 14:36:04",-122.453659,48.789205
"2016-11-02 14:36:08",-122.453648,48.789202
"2016-11-02 14:36:26",-122.453648,48.789202
"2016-11-02 14:36:47",-122.453647,48.789203
"2016-11-02 14:37:27",-122.453647,48.789203
"2016-11-02 14:37:31",-122.453654,48.789204
"2016-11-02 14:37:35",-122.453655,48.789204
"2016-11-02 14:37:56",-122.453654,48.789203
"2016-11-02 14:38:05",-122.453654,48.789203
"2016-11-02 14:38:35",-122.453654,48.789204
"2016-11-02 14:38:48",-122.453654,48.789204
"2016-11-02 14:39:07",-122.453654,48.789205
"2016-11-02 14:39:37",-122.453654,48.789205
"2016-11-02 14:40:38",-122.453655,48.789206
"2016-11-02 14:40:56",-122.453655,48.789205
"2016-11-02 14:42:22",-122.453657,48.789205
"2016-11-02 14:42:37",-122.453658,48.789205
"2016-11-02 14:43:27",-122.453659,48.789205
"2016-11-02 14:44:40",-122.45366,48.789206
"2016-11-02 14:45:09",-122.453661,48.789206
"2016-11-02 14:45:32",-122.453661,48.789205
"2016-11-02 14:45:58",-122.453662,48.789205
"2016-11-02 14:46:14",-122.453662,48.789205
"2016-11-02 14:47:18",-122.45366,48.789203
"2016-11-02 14:47:54",-122.453661,48.789202
"2016-11-02 14:48:02",-122.453662,48.789202
"2016-11-02 14:48:30",-122.453662,48.789203
"2016-11-02 14:49:04",-122.453664,48.789202
"2016-11-02 14:50:06",-122.453664,48.789204
"2016-11-02 14:50:19",-122.453664,48.789204
"2016-11-02 14:51:39",-122.453666,48.789203
"2016-11-02 14:51:56",-122.453666,48.789203
"2016-11-02 14:52:11",-122.453666,48.789204
"2016-11-02 14:52:52",-122.453667,48.789203
"2016-11-02 14:54:15",-122.453669,48.7892
"2016-11-02 14:54:32",-122.453669,48.7892
"2016-11-02 14:56:33",-122.45367,48.7892
"2016-11-02 14:57:36",-122.45367,48.7892
"2016-11-02 14:58:44",-122.453671,48.7892
"2016-11-02 14:59:12",-122.453671,48.7892
"2016-11-02 15:00:06",-122.453671,48.789201
"2016-11-02 15:00:10",-122.453671,48.789201
"2016-11-02 15:00:44",-122.453671,48.7892
"2016-11-02 15:00:58",-122.453671,48.7892
"2016-11-02 15:02:27",-122.453671,48.7892
"2016-11-02 15:03:36",-122.453672,48.789199
"2016-11-02 15:03:43",-122.453672,48.789199
"2016-11-02 15:05:18",-122.453672,48.789198
"2016-11-02 15:06:51",-122.453672,48.789198
"2016-11-02 15:07:07",-122.453672,48.789198
"2016-11-02 15:07:17",-122.453672,48.789197
"2016-11-02 15:09:02",-122.453671,48.789197
"2016-11-02 15:09:07",-122.453671,48.789197
"2016-11-02 15:09:27",-122.453671,48.789197
"2016-11-02 15:09:36",-122.453671,48.789197
"2016-11-02 15:09:40",-122.453688,48.789189
"2016-11-02 15:09:44",-122.453698,48.789193
"2016-11-02 15:10:16",-122.453704,48.789198
"2016-11-02 15:10:40",-122.453703,48.789199
"2016-11-02 15:10:44",-122.453695,48.789174
"2016-11-02 15:10:48",-122.453692,48.789161
"2016-11-02 15:10:52",-122.453693,48.789162
"2016-11-02 15:11:03",-122.453693,48.789162
"2016-11-02 15:11:09",-122.453693,48.789162
"2016-11-02 15:11:35",-122.453693,48.789163
"2016-11-02 15:12:02",-122.453693,48.789163
"2016-11-02 15:12:39",-122.453693,48.789164
"2016-11-02 15:12:49",-122.453693,48.789164
"2016-11-02 15:12:55",-122.453693,48.789164
"2016-11-02 15:13:08",-122.453693,48.789165
"2016-11-02 15:14:07",-122.453691,48.789165
"2016-11-02 15:14:42",-122.45369,48.789166
"2016-11-02 15:14:53",-122.45369,48.789166
"2016-11-02 15:15:13",-122.45369,48.789166
"2016-11-02 15:15:56",-122.453689,48.789167
"2016-11-02 15:16:12",-122.453689,48.789166
"2016-11-02 15:16:24",-122.453688,48.789167
"2016-11-02 15:16:52",-122.453688,48.789167
"2016-11-02 15:17:32",-122.453688,48.789169
"2016-11-02 15:17:52",-122.453687,48.789169
"2016-11-02 15:18:02",-122.453687,48.789169
"2016-11-02 15:18:15",-122.453686,48.789169
"2016-11-02 15:18:59",-122.453685,48.78917
"2016-11-02 15:19:33",-122.453684,48.789171
"2016-11-02 15:19:59",-122.453683,48.789171
"2016-11-02 15:20:25",-122.453683,48.789172
"2016-11-02 15:20:43",-122.453683,48.789172
"2016-11-02 15:21:01",-122.453683,48.789173
"2016-11-02 15:21:56",-122.453682,48.789174
"2016-11-02 15:22:15",-122.453682,48.789174
"2016-11-02 15:22:21",-122.453682,48.789174
"2016-11-02 15:22:42",-122.453682,48.789176
"2016-11-02 15:25:19",-122.453682,48.789176
"2016-11-02 15:25:45",-122.453683,48.789176
"2016-11-02 15:26:00",-122.453683,48.789176
"2016-11-02 15:26:12",-122.453683,48.789176
"2016-11-02 15:26:38",-122.453683,48.789176
"2016-11-02 15:26:52",-122.453683,48.789176
"2016-11-02 15:27:11",-122.453683,48.789177
"2016-11-02 15:27:53",-122.453683,48.789178
"2016-11-02 15:29:37",-122.453683,48.789179
"2016-11-02 15:29:47",-122.453683,48.789179
"2016-11-02 15:30:47",-122.453683,48.78918
"2016-11-02 15:31:12",-122.453683,48.78918
"2016-11-02 15:32:00",-122.453683,48.78918
"2016-11-02 15:35:20",-122.453683,48.789181
"2016-11-02 15:35:39",-122.453683,48.789182
"2016-11-02 15:35:44",-122.453683,48.789182
"2016-11-02 15:35:56",-122.453683,48.789182
"2016-11-02 15:36:30",-122.453683,48.789182
"2016-11-02 15:37:11",-122.453684,48.789182
"2016-11-02 15:39:18",-122.453685,48.789183
"2016-11-02 15:40:00",-122.453684,48.789183
"2016-11-02 15:41:14",-122.453684,48.789184
"2016-11-02 15:41:55",-122.453684,48.789184
"2016-11-02 15:42:16",-122.453685,48.789184
"2016-11-02 15:42:26",-122.453685,48.789184
"2016-11-02 15:42:31",-122.453685,48.789184
"2016-11-02 15:43:05",-122.453685,48.789185
"2016-11-02 15:44:41",-122.45368,48.789187
"2016-11-02 15:44:45",-122.453686,48.789175
"2016-11-02 15:44:49",-122.453692,48.789174
"2016-11-02 15:44:53",-122.453689,48.789185
"2016-11-02 15:45:20",-122.453689,48.789188
"2016-11-02 15:45:25",-122.453689,48.789188
"2016-11-02 15:45:38",-122.453689,48.789189
"2016-11-02 15:46:01",-122.453689,48.789191
"2016-11-02 15:46:08",-122.453689,48.789192
"2016-11-02 15:46:30",-122.453689,48.789193
"2016-11-02 15:46:46",-122.453689,48.789194
"2016-11-02 15:47:00",-122.453689,48.789194
"2016-11-02 15:47:18",-122.453689,48.789195
"2016-11-02 15:47:51",-122.45369,48.789198
"2016-11-02 15:48:21",-122.45369,48.7892
"2016-11-02 15:48:38",-122.45369,48.7892
"2016-11-02 15:48:56",-122.45369,48.7892
"2016-11-02 15:49:47",-122.453691,48.789203
"2016-11-02 15:50:02",-122.453691,48.789203
"2016-11-02 15:50:11",-122.453691,48.789203
"2016-11-02 15:50:19",-122.453692,48.789203
"2016-11-02 15:50:28",-122.453692,48.789203
"2016-11-02 15:50:39",-122.453692,48.789203
"2016-11-02 15:50:52",-122.453693,48.789203
"2016-11-02 15:51:05",-122.453693,48.789202
"2016-11-02 15:51:43",-122.453694,48.789203
"2016-11-02 15:52:02",-122.453694,48.789203
"2016-11-02 15:52:51",-122.453694,48.789204
"2016-11-02 15:52:58",-122.453694,48.789205
"2016-11-02 15:53:25",-122.453694,48.789205
"2016-11-02 15:53:37",-122.453693,48.789206
"2016-11-02 15:53:45",-122.453694,48.789206
"2016-11-02 15:54:12",-122.453693,48.789207
"2016-11-02 15:54:27",-122.453693,48.789208
"2016-11-02 15:54:43",-122.453693,48.789217
"2016-11-02 15:54:47",-122.453702,48.789242
"2016-11-02 15:54:51",-122.453718,48.78925
"2016-11-02 15:54:56",-122.45372,48.789236
"2016-11-02 15:55:00",-122.453726,48.789213
"2016-11-02 15:55:05",-122.453723,48.789188
"2016-11-02 15:55:15",-122.453724,48.789185
"2016-11-02 15:55:34",-122.453724,48.789186
"2016-11-02 15:55:46",-122.453723,48.789187
"2016-11-02 15:56:11",-122.453723,48.789188
"2016-11-02 15:56:44",-122.453722,48.789188
"2016-11-02 15:57:17",-122.453721,48.789188
"2016-11-02 15:57:21",-122.453721,48.789188
"2016-11-02 15:58:07",-122.453721,48.789189
"2016-11-02 15:58:32",-122.453721,48.78919
"2016-11-02 15:58:42",-122.453721,48.78919
"2016-11-02 15:58:49",-122.45372,48.78919
"2016-11-02 15:58:58",-122.45372,48.789191
"2016-11-02 15:59:39",-122.453721,48.789191
"2016-11-02 15:59:53",-122.453721,48.789192
"2016-11-02 16:00:11",-122.453721,48.789192
"2016-11-02 16:00:31",-122.453721,48.789193
"2016-11-02 16:00:40",-122.453721,48.789193
"2016-11-02 16:00:46",-122.453721,48.789193
"2016-11-02 16:01:54",-122.45372,48.789194
"2016-11-02 16:02:13",-122.45372,48.789196
"2016-11-02 16:02:29",-122.45372,48.789196
"2016-11-02 16:03:05",-122.453719,48.789196
"2016-11-02 16:03:40",-122.453719,48.789197
"2016-11-02 16:04:01",-122.453719,48.789197
"2016-11-02 16:04:09",-122.453719,48.789197
"2016-11-02 16:04:16",-122.453718,48.789198
"2016-11-02 16:04:39",-122.453718,48.789198
"2016-11-02 16:04:46",-122.453718,48.789197
"2016-11-02 16:04:56",-122.453717,48.789197
"2016-11-02 16:05:46",-122.453717,48.789198
"2016-11-02 16:06:04",-122.453717,48.789199
"2016-11-02 16:06:25",-122.453717,48.789199
"2016-11-02 16:06:45",-122.453717,48.789208
"2016-11-02 16:06:49",-122.453677,48.789199
"2016-11-02 16:06:53",-122.453673,48.78922
"2016-11-02 16:06:57",-122.453672,48.789213
"2016-11-02 16:07:02",-122.453676,48.789217
"2016-11-02 16:07:25",-122.453681,48.789216
"2016-11-02 16:07:30",-122.453669,48.789218
"2016-11-02 16:07:47",-122.45365,48.789226
"2016-11-02 16:07:54",-122.45365,48.789227
"2016-11-02 16:08:01",-122.45365,48.789228
"2016-11-02 16:08:20",-122.45365,48.789228
"2016-11-02 16:08:40",-122.45365,48.789229
"2016-11-02 16:09:10",-122.453651,48.789229
"2016-11-02 16:09:17",-122.453651,48.78923
"2016-11-02 16:09:22",-122.453651,48.789231
"2016-11-02 16:09:28",-122.453651,48.789232
"2016-11-02 16:09:52",-122.453651,48.789232
"2016-11-02 16:10:19",-122.453651,48.789232
"2016-11-02 16:10:29",-122.453652,48.789232
"2016-11-02 16:10:41",-122.453652,48.789232
"2016-11-02 16:10:57",-122.453651,48.789232
"2016-11-02 16:11:06",-122.453651,48.789233
"2016-11-02 16:11:11",-122.453653,48.789232
"2016-11-02 16:11:44",-122.453661,48.789229
"2016-11-02 16:13:13",-122.45366,48.789229
"2016-11-02 16:13:21",-122.453661,48.789229
"2016-11-02 16:13:25",-122.453661,48.789227
"2016-11-02 16:13:39",-122.453657,48.789227
"2016-11-02 16:13:51",-122.453657,48.789228
"2016-11-02 16:13:59",-122.453657,48.789228
"2016-11-02 16:14:07",-122.453657,48.789228
"2016-11-02 16:14:42",-122.453657,48.789228
"2016-11-02 16:14:54",-122.453657,48.789229
"2016-11-02 16:15:08",-122.453657,48.789229
"2016-11-02 16:15:23",-122.453657,48.789229
"2016-11-02 16:16:20",-122.453657,48.78923
"2016-11-02 16:16:49",-122.453656,48.789231
"2016-11-02 16:17:26",-122.453657,48.789232
"2016-11-02 16:19:31",-122.453657,48.789234
"2016-11-02 16:19:49",-122.453658,48.789234
"2016-11-02 16:20:09",-122.453657,48.789235
"2016-11-02 16:20:25",-122.453657,48.789236
"2016-11-02 16:20:36",-122.453657,48.789235
"2016-11-02 16:20:55",-122.453657,48.789236
"2016-11-02 16:21:04",-122.453657,48.789237
"2016-11-02 16:21:59",-122.453657,48.789238
"2016-11-02 16:22:30",-122.453657,48.789238
"2016-11-02 16:22:53",-122.453657,48.789238
"2016-11-02 16:23:10",-122.453657,48.789239
"2016-11-02 16:23:20",-122.453657,48.789239
"2016-11-02 16:23:29",-122.453657,48.78924
"2016-11-02 16:23:33",-122.453657,48.78924
"2016-11-02 16:23:38",-122.453657,48.78924
"2016-11-02 16:25:00",-122.453657,48.789241
"2016-11-02 16:25:19",-122.453658,48.789241
"2016-11-02 16:26:39",-122.453658,48.789241
"2016-11-02 16:27:01",-122.453658,48.789241
"2016-11-02 16:27:38",-122.453657,48.789242
"2016-11-02 16:28:23",-122.453657,48.789242
"2016-11-02 16:29:17",-122.453658,48.789242
"2016-11-02 16:29:30",-122.453658,48.789242
"2016-11-02 16:30:02",-122.453659,48.789242
"2016-11-02 16:31:07",-122.453658,48.789242
"2016-11-02 16:31:18",-122.453658,48.789243
"2016-11-02 16:31:34",-122.453658,48.789243
"2016-11-02 16:31:59",-122.453658,48.789243
"2016-11-02 16:32:28",-122.453659,48.789243
"2016-11-02 16:33:21",-122.453658,48.789244
"2016-11-02 16:34:09",-122.453658,48.789245
"2016-11-02 16:34:38",-122.453658,48.789245
"2016-11-02 16:34:53",-122.453658,48.789246
"2016-11-02 16:35:06",-122.453658,48.789246
"2016-11-02 16:35:22",-122.453659,48.789246
"2016-11-02 16:35:36",-122.453659,48.789246
"2016-11-02 16:35:50",-122.453659,48.789247
"2016-11-02 16:36:21",-122.453659,48.789248
"2016-11-02 16:37:06",-122.453659,48.789248
"2016-11-02 16:37:29",-122.453659,48.789249
"2016-11-02 16:38:02",-122.453659,48.789249
"2016-11-02 16:38:15",-122.453659,48.789249
"2016-11-02 16:38:41",-122.453659,48.78925
"2016-11-02 16:39:28",-122.453659,48.78925
"2016-11-02 16:39:50",-122.453659,48.78925
"2016-11-02 16:40:15",-122.453659,48.789251
"2016-11-02 16:40:46",-122.453659,48.78925
"2016-11-02 16:41:02",-122.453658,48.78925
"2016-11-02 16:41:07",-122.453658,48.78925
"2016-11-02 16:41:46",-122.453659,48.78925
"2016-11-02 16:42:11",-122.453659,48.78925
"2016-11-02 16:42:35",-122.453659,48.78925
"2016-11-02 16:42:52",-122.453659,48.78925
"2016-11-02 16:43:05",-122.453659,48.78925
"2016-11-02 16:43:10",-122.453659,48.78925
"2016-11-02 16:43:37",-122.453659,48.789249
"2016-11-02 16:44:36",-122.453659,48.789249
"2016-11-02 16:44:57",-122.453659,48.789249
"2016-11-02 16:45:09",-122.453659,48.78925
"2016-11-02 16:45:47",-122.453658,48.78925
"2016-11-02 16:47:18",-122.453658,48.789251
"2016-11-02 16:47:33",-122.453658,48.789251
"2016-11-02 16:48:39",-122.453657,48.78925
"2016-11-02 16:49:24",-122.453658,48.789249
"2016-11-02 16:49:30",-122.45368,48.789237
"2016-11-02 16:49:34",-122.453676,48.789233
"2016-11-02 16:49:48",-122.453675,48.789234
"2016-11-02 16:50:02",-122.453676,48.789234
"2016-11-02 16:50:12",-122.453676,48.789234
"2016-11-02 16:50:22",-122.453676,48.789234
"2016-11-02 16:50:37",-122.453675,48.789234
"2016-11-02 16:50:59",-122.453674,48.789233
"2016-11-02 16:51:05",-122.453673,48.789234
"2016-11-02 16:51:29",-122.453671,48.789233
"2016-11-02 16:51:41",-122.45367,48.789234
"2016-11-02 16:51:48",-122.453668,48.789234
"2016-11-02 16:51:55",-122.453668,48.789234
"2016-11-02 16:52:01",-122.453668,48.789234
"2016-11-02 16:52:13",-122.453668,48.789234
"2016-11-02 16:52:22",-122.453666,48.789234
"2016-11-02 16:52:28",-122.453665,48.789234
"2016-11-02 16:52:37",-122.453665,48.789235
"2016-11-02 16:52:44",-122.453665,48.789235
"2016-11-02 16:52:49",-122.453665,48.789235
"2016-11-02 16:53:12",-122.453664,48.789235
"2016-11-02 16:53:18",-122.453663,48.789235
"2016-11-02 16:53:25",-122.453661,48.789235
"2016-11-02 16:53:30",-122.453664,48.789235
"2016-11-02 16:53:34",-122.453673,48.789232
"2016-11-02 16:53:38",-122.453674,48.789232
"2016-11-02 16:53:42",-122.45367,48.789233
"2016-11-02 16:53:57",-122.453669,48.789233
"2016-11-02 16:54:05",-122.453668,48.789233
"2016-11-02 16:54:30",-122.453667,48.789232
"2016-11-02 16:54:42",-122.453667,48.789232
"2016-11-02 16:54:56",-122.453667,48.789231
"2016-11-02 16:55:10",-122.453667,48.78923
"2016-11-02 16:55:16",-122.453666,48.78923
"2016-11-02 16:55:30",-122.453666,48.789229
"2016-11-02 16:56:08",-122.453664,48.78923
"2016-11-02 16:56:31",-122.453663,48.78923
"2016-11-02 16:56:57",-122.453662,48.78923
"2016-11-02 16:57:36",-122.453662,48.78923
"2016-11-02 16:57:40",-122.453662,48.789231
"2016-11-02 16:57:47",-122.453662,48.789231
"2016-11-02 16:58:32",-122.453662,48.789231
"2016-11-02 16:58:41",-122.453662,48.789232
"2016-11-02 16:58:56",-122.453661,48.789232
"2016-11-02 17:00:33",-122.453658,48.789234
"2016-11-02 17:00:55",-122.453657,48.789234
"2016-11-02 17:01:55",-122.453655,48.789234
"2016-11-02 17:02:42",-122.453653,48.789235
"2016-11-02 17:03:46",-122.453652,48.789235
"2016-11-02 17:04:13",-122.453652,48.789234
"2016-11-02 17:04:22",-122.453651,48.789234
"2016-11-02 17:04:32",-122.45365,48.789234
"2016-11-02 17:04:45",-122.45365,48.789234
"2016-11-02 17:04:50",-122.453653,48.789219
"2016-11-02 17:04:55",-122.453649,48.789213
"2016-11-02 17:05:06",-122.453647,48.789209
"2016-11-02 17:05:25",-122.453647,48.789209
"2016-11-02 17:05:48",-122.453648,48.789208
"2016-11-02 17:05:53",-122.453643,48.789217
"2016-11-02 17:05:57",-122.453651,48.789217
"2016-11-02 17:06:01",-122.45366,48.789214
"2016-11-02 17:06:09",-122.453662,48.789215
"2016-11-02 17:06:45",-122.453661,48.789215
"2016-11-02 17:07:01",-122.453661,48.789216
"2016-11-02 17:07:08",-122.453661,48.789216
"2016-11-02 17:07:18",-122.45366,48.789218
"2016-11-02 17:07:35",-122.45366,48.789219
"2016-11-02 17:07:51",-122.45366,48.78922
"2016-11-02 17:08:22",-122.45366,48.78922
"2016-11-02 17:08:44",-122.453659,48.789221
"2016-11-02 17:09:01",-122.453659,48.789221
"2016-11-02 17:10:32",-122.453658,48.78922
"2016-11-02 17:10:46",-122.453658,48.78922
"2016-11-02 17:11:00",-122.453657,48.789221
"2016-11-02 17:11:59",-122.453658,48.789218
"2016-11-02 17:12:31",-122.453658,48.789216
"2016-11-02 17:12:53",-122.453657,48.789216
"2016-11-02 17:13:17",-122.453657,48.789215
"2016-11-02 17:13:28",-122.453657,48.789215
"2016-11-02 17:13:50",-122.453657,48.789214
"2016-11-02 17:14:31",-122.453656,48.789215
"2016-11-02 17:14:35",-122.453656,48.789215
"2016-11-02 17:15:00",-122.453656,48.789214
"2016-11-02 17:15:30",-122.453656,48.789213
"2016-11-02 17:15:54",-122.453656,48.789212
"2016-11-02 17:17:25",-122.453654,48.78921
"2016-11-02 17:17:46",-122.453654,48.789209
"2016-11-02 17:18:43",-122.453653,48.789208
"2016-11-02 17:19:56",-122.453652,48.789208
"2016-11-02 17:21:36",-122.453652,48.789207
"2016-11-02 17:21:44",-122.453652,48.789207
"2016-11-02 17:23:38",-122.453652,48.789205
"2016-11-02 17:24:09",-122.453652,48.789204
"2016-11-02 17:25:48",-122.453653,48.789202
"2016-11-02 17:27:31",-122.453654,48.789201
"2016-11-02 17:28:05",-122.453653,48.789201
"2016-11-02 17:28:23",-122.453653,48.789201
"2016-11-02 17:28:28",-122.453653,48.789201
"2016-11-02 17:29:16",-122.453654,48.789201
"2016-11-02 17:31:25",-122.453655,48.789201
"2016-11-02 17:31:42",-122.453655,48.789201
"2016-11-02 17:32:15",-122.453655,48.7892
"2016-11-02 17:33:06",-122.453655,48.7892
"2016-11-02 17:33:41",-122.453654,48.789199
"2016-11-02 17:37:36",-122.453655,48.7892
"2016-11-02 17:38:34",-122.453655,48.789199
"2016-11-02 17:39:43",-122.453655,48.7892
"2016-11-02 17:39:48",-122.453655,48.7892
"2016-11-02 17:40:02",-122.453655,48.789199
"2016-11-02 17:40:44",-122.453655,48.789199
"2016-11-02 17:41:30",-122.453655,48.789198
"2016-11-02 17:42:02",-122.453655,48.789198
"2016-11-02 17:43:40",-122.453654,48.789198
"2016-11-02 17:43:44",-122.453654,48.789198
"2016-11-02 17:43:54",-122.453653,48.789198
"2016-11-02 17:46:20",-122.453653,48.789198
"2016-11-02 17:47:46",-122.453653,48.789198
"2016-11-02 17:48:14",-122.453653,48.789198
"2016-11-02 17:48:50",-122.453653,48.789198
"2016-11-02 17:51:20",-122.453652,48.789193
"2016-11-02 17:51:24",-122.453641,48.789177
"2016-11-02 17:51:28",-122.453637,48.78918
"2016-11-02 17:52:26",-122.453641,48.789188
"2016-11-02 17:52:30",-122.453641,48.789188
"2016-11-02 17:53:22",-122.453642,48.789187
"2016-11-02 17:53:27",-122.453641,48.789183
"2016-11-02 17:53:31",-122.453635,48.789195
"2016-11-02 17:53:36",-122.453628,48.789203
"2016-11-02 17:53:43",-122.453628,48.789204
"2016-11-02 17:53:56",-122.453631,48.789206
"2016-11-02 17:54:14",-122.453631,48.789206
"2016-11-02 17:54:23",-122.453631,48.789206
"2016-11-02 17:55:15",-122.453631,48.789205
"2016-11-02 17:55:32",-122.453631,48.789205
"2016-11-02 17:55:45",-122.453631,48.789205
"2016-11-02 17:55:56",-122.453631,48.789205
"2016-11-02 17:56:00",-122.453631,48.789205
"2016-11-02 17:56:04",-122.453627,48.78921
"2016-11-02 17:56:11",-122.453628,48.78921
"2016-11-02 17:56:20",-122.453628,48.78921
"2016-11-02 17:56:36",-122.453629,48.789209
"2016-11-02 17:59:50",-122.453635,48.789204
"2016-11-02 18:00:08",-122.453635,48.789204
"2016-11-02 18:01:11",-122.453637,48.789203
"2016-11-02 18:01:58",-122.453638,48.789202
"2016-11-02 18:02:06",-122.453639,48.789202
"2016-11-02 18:02:13",-122.453639,48.789201
"2016-11-02 18:02:26",-122.453639,48.789201
"2016-11-02 18:04:26",-122.453646,48.789194
"2016-11-02 18:04:31",-122.45366,48.78917
"2016-11-02 18:04:35",-122.453656,48.789157
"2016-11-02 18:04:39",-122.453657,48.789164
"2016-11-02 18:04:53",-122.453657,48.789169
"2016-11-02 18:05:00",-122.453657,48.78917
"2016-11-02 18:05:12",-122.453657,48.78917
"2016-11-02 18:05:57",-122.453656,48.789169
"2016-11-02 18:06:13",-122.453658,48.78917
"2016-11-02 18:06:17",-122.453662,48.78917
"2016-11-02 18:06:22",-122.453661,48.789171
"2016-11-02 18:06:42",-122.453659,48.789176
"2016-11-02 18:06:51",-122.453658,48.789177
"2016-11-02 18:06:58",-122.453658,48.789177
"2016-11-02 18:07:30",-122.453658,48.789177
"2016-11-02 18:07:35",-122.453658,48.789177
"2016-11-02 18:07:39",-122.453657,48.789178
"2016-11-02 18:07:54",-122.453655,48.789179
"2016-11-02 18:08:12",-122.453658,48.789176
"2016-11-02 18:09:16",-122.453657,48.789177
"2016-11-02 18:09:30",-122.453656,48.789178
"2016-11-02 18:09:50",-122.453656,48.789178
"2016-11-02 18:10:03",-122.453656,48.789178
"2016-11-02 18:10:15",-122.453655,48.789179
"2016-11-02 18:10:32",-122.453654,48.78918
"2016-11-02 18:10:37",-122.453654,48.78918
"2016-11-02 18:11:03",-122.453655,48.78918
"2016-11-02 18:11:10",-122.453655,48.789179
"2016-11-02 18:11:15",-122.453655,48.789179
"2016-11-02 18:11:30",-122.453655,48.789179
"2016-11-02 18:11:35",-122.453655,48.789179
"2016-11-02 18:11:50",-122.453654,48.789181
"2016-11-02 18:12:05",-122.453653,48.789181
"2016-11-02 18:12:31",-122.453653,48.78918
"2016-11-02 18:13:02",-122.453653,48.78918
"2016-11-02 18:13:28",-122.453653,48.789179
"2016-11-02 18:15:37",-122.453651,48.78918
"2016-11-02 18:15:55",-122.453651,48.789181
"2016-11-02 18:16:31",-122.45365,48.789181
"2016-11-02 18:16:36",-122.45365,48.789181
"2016-11-02 18:17:05",-122.453649,48.789181
"2016-11-02 18:17:13",-122.453649,48.789181
"2016-11-02 18:17:50",-122.45365,48.789181
"2016-11-02 18:17:57",-122.45365,48.789181
"2016-11-02 18:18:06",-122.45365,48.789181
"2016-11-02 18:20:28",-122.453649,48.789181
"2016-11-02 18:20:39",-122.453649,48.789182
"2016-11-02 18:21:45",-122.453648,48.789185
"2016-11-02 18:22:17",-122.453648,48.789186
"2016-11-02 18:22:25",-122.453648,48.789186
"2016-11-02 18:22:49",-122.453648,48.789186
"2016-11-02 18:23:56",-122.453648,48.789186
"2016-11-02 18:24:20",-122.453645,48.789184
"2016-11-02 18:24:24",-122.453644,48.789181
"2016-11-02 18:24:28",-122.453652,48.789189
"2016-11-02 18:24:33",-122.453659,48.789191
"2016-11-02 18:24:56",-122.453659,48.789191
"2016-11-02 18:25:00",-122.453659,48.789191
"2016-11-02 18:25:05",-122.453658,48.789191
"2016-11-02 18:25:13",-122.453657,48.789191
"2016-11-02 18:25:30",-122.453656,48.789192
"2016-11-02 18:25:35",-122.453656,48.789192
"2016-11-02 18:27:02",-122.453655,48.78919
"2016-11-02 18:28:01",-122.453655,48.78919
"2016-11-02 18:28:11",-122.453655,48.78919
"2016-11-02 18:28:57",-122.453655,48.78919
"2016-11-02 18:29:38",-122.453655,48.789189
"2016-11-02 18:29:43",-122.453655,48.789189
"2016-11-02 18:30:02",-122.453655,48.789189
"2016-11-02 18:30:26",-122.453654,48.789189
"2016-11-02 18:30:33",-122.453654,48.789189
"2016-11-02 18:31:06",-122.453654,48.789189
"2016-11-02 18:31:41",-122.453654,48.789188
"2016-11-02 18:32:50",-122.453654,48.789188
"2016-11-02 18:34:37",-122.453655,48.789189
"2016-11-02 18:34:48",-122.453655,48.789189
"2016-11-02 18:35:27",-122.453655,48.789189
"2016-11-02 18:36:15",-122.453655,48.789189
"2016-11-02 18:36:31",-122.453655,48.789189
"2016-11-02 18:36:57",-122.453655,48.789189
"2016-11-02 18:41:39",-122.453655,48.78919
"2016-11-02 18:42:19",-122.453655,48.789191
"2016-11-02 18:42:23",-122.453659,48.789189
"2016-11-02 18:42:27",-122.453669,48.789186
"2016-11-02 18:42:45",-122.453672,48.789185
"2016-11-02 18:43:14",-122.453671,48.789187
"2016-11-02 18:43:26",-122.453671,48.789188
"2016-11-02 18:43:35",-122.453671,48.789187
"2016-11-02 18:43:46",-122.453671,48.789187
"2016-11-02 18:44:28",-122.453671,48.789188
"2016-11-02 18:45:00",-122.453669,48.789189
"2016-11-02 18:45:36",-122.453668,48.789188
"2016-11-02 18:45:55",-122.453667,48.789188
"2016-11-02 18:46:02",-122.45366,48.789182
"2016-11-02 18:46:07",-122.453657,48.789181
"2016-11-02 18:46:16",-122.453656,48.789181
"2016-11-02 18:46:48",-122.453655,48.789182
"2016-11-02 18:47:06",-122.453654,48.789183
"2016-11-02 18:47:27",-122.453653,48.789184
"2016-11-02 18:47:45",-122.453653,48.789186
"2016-11-02 18:47:59",-122.453653,48.789186
"2016-11-02 18:48:03",-122.453653,48.789186
"2016-11-02 18:48:22",-122.453653,48.789187
"2016-11-02 18:48:57",-122.453651,48.789188
"2016-11-02 18:49:18",-122.453651,48.789189
"2016-11-02 18:49:39",-122.453651,48.789189
"2016-11-02 18:50:30",-122.45365,48.78919
"2016-11-02 18:50:45",-122.453649,48.78919
"2016-11-02 18:51:00",-122.453649,48.78919
"2016-11-02 18:51:20",-122.453649,48.789191
"2016-11-02 18:51:44",-122.453649,48.789191
"2016-11-02 18:52:01",-122.453648,48.789191
"2016-11-02 18:53:25",-122.453649,48.789192
"2016-11-02 18:53:47",-122.453649,48.789192
"2016-11-02 18:54:04",-122.453649,48.789193
"2016-11-02 18:54:24",-122.45365,48.789193
"2016-11-02 18:54:49",-122.45365,48.789193
"2016-11-02 18:55:21",-122.45365,48.789193
"2016-11-02 18:55:30",-122.45365,48.789193
"2016-11-02 18:55:46",-122.45365,48.789193
"2016-11-02 18:56:28",-122.453651,48.789194
"2016-11-02 18:56:54",-122.453651,48.789194
"2016-11-02 18:57:44",-122.453651,48.789194
"2016-11-02 18:58:01",-122.453651,48.789194
"2016-11-02 18:58:05",-122.453651,48.789194
"2016-11-02 18:59:12",-122.453651,48.789194
"2016-11-02 18:59:43",-122.453651,48.789195
"2016-11-02 19:00:39",-122.453651,48.789195
"2016-11-02 19:00:55",-122.45365,48.789194
"2016-11-02 19:01:12",-122.45365,48.789194
"2016-11-02 19:02:04",-122.45365,48.789194
"2016-11-02 19:02:12",-122.45365,48.789195
"2016-11-02 19:02:53",-122.453649,48.789195
"2016-11-02 19:03:15",-122.453649,48.789196
"2016-11-02 19:04:06",-122.453649,48.789196
"2016-11-02 19:04:17",-122.453649,48.789196
"2016-11-02 19:04:24",-122.453645,48.789197
"2016-11-02 19:04:28",-122.453635,48.789193
"2016-11-02 19:04:32",-122.453618,48.789188
"2016-11-02 19:04:47",-122.453615,48.789193
"2016-11-02 19:05:23",-122.453615,48.789192
"2016-11-02 19:05:32",-122.453616,48.789192
"2016-11-02 19:05:40",-122.453616,48.789192
"2016-11-02 19:06:05",-122.453616,48.789192
"2016-11-02 19:06:11",-122.453616,48.789192
"2016-11-02 19:06:17",-122.453616,48.789192
"2016-11-02 19:06:25",-122.453616,48.789192
"2016-11-02 19:07:21",-122.453617,48.789192
"2016-11-02 19:07:34",-122.453617,48.789191
"2016-11-02 19:07:50",-122.453617,48.789191
"2016-11-02 19:07:54",-122.45365,48.789188
"2016-11-02 19:07:59",-122.453661,48.789188
"2016-11-02 19:08:04",-122.453656,48.789194
"2016-11-02 19:08:13",-122.453655,48.789195
"2016-11-02 19:08:19",-122.453655,48.789195
"2016-11-02 19:09:33",-122.453656,48.789197
"2016-11-02 19:09:49",-122.453651,48.789194
"2016-11-02 19:09:53",-122.453635,48.789181
"2016-11-02 19:09:57",-122.453631,48.789181
"2016-11-02 19:10:13",-122.453624,48.789179
"2016-11-02 19:10:48",-122.453625,48.789177
"2016-11-02 19:11:00",-122.453625,48.789177
"2016-11-02 19:11:04",-122.453627,48.789177
"2016-11-02 19:11:35",-122.453629,48.789175
"2016-11-02 19:11:47",-122.453628,48.789174
"2016-11-02 19:11:55",-122.453628,48.789174
"2016-11-02 19:12:07",-122.453628,48.789174
"2016-11-02 19:12:15",-122.453627,48.789175
"2016-11-02 19:12:25",-122.453627,48.789176
"2016-11-02 19:12:35",-122.453628,48.789176
"2016-11-02 19:12:43",-122.453628,48.789175
"2016-11-02 19:12:56",-122.453628,48.789176
"2016-11-02 19:13:04",-122.453628,48.789176
"2016-11-02 19:13:10",-122.453629,48.789177
"2016-11-02 19:14:01",-122.453629,48.789177
"2016-11-02 19:14:38",-122.45363,48.789177
"2016-11-02 19:14:57",-122.453631,48.789177
"2016-11-02 19:15:07",-122.453631,48.789177
"2016-11-02 19:15:15",-122.453631,48.789177
"2016-11-02 19:15:39",-122.453631,48.789178
"2016-11-02 19:15:51",-122.453631,48.789178
"2016-11-02 19:16:09",-122.453631,48.789178
"2016-11-02 19:16:26",-122.453631,48.789178
"2016-11-02 19:16:43",-122.453631,48.789179
"2016-11-02 19:17:21",-122.453631,48.789179
"2016-11-02 19:17:47",-122.453632,48.789179
"2016-11-02 19:18:10",-122.453632,48.789179
"2016-11-02 19:18:32",-122.453632,48.78918
"2016-11-02 19:18:48",-122.453632,48.78918
"2016-11-02 19:18:58",-122.453632,48.78918
"2016-11-02 19:19:06",-122.453632,48.789181
"2016-11-02 19:19:13",-122.453632,48.789182
"2016-11-02 19:19:19",-122.453632,48.789182
"2016-11-02 19:19:41",-122.453632,48.789182
"2016-11-02 19:19:59",-122.453632,48.789181
"2016-11-02 19:20:24",-122.453632,48.789182
"2016-11-02 19:20:34",-122.453632,48.789182
"2016-11-02 19:21:52",-122.453632,48.789183
"2016-11-02 19:23:13",-122.453632,48.789183
"2016-11-02 19:23:24",-122.453632,48.789183
"2016-11-02 19:23:29",-122.453632,48.789183
"2016-11-02 19:24:05",-122.453631,48.789183
"2016-11-02 19:24:11",-122.453631,48.789183
"2016-11-02 19:24:28",-122.453631,48.789183
"2016-11-02 19:25:10",-122.453631,48.789183
"2016-11-02 19:25:17",-122.453631,48.789183
"2016-11-02 19:26:22",-122.453632,48.789183
"2016-11-02 19:26:27",-122.45363,48.789186
"2016-11-02 19:26:31",-122.453631,48.789185
"2016-11-02 19:26:41",-122.45363,48.789179
"2016-11-02 19:26:45",-122.453628,48.789173
"2016-11-02 19:26:49",-122.453626,48.789167
"2016-11-02 19:27:15",-122.453625,48.789165
"2016-11-02 19:27:24",-122.453625,48.789165
"2016-11-02 19:27:36",-122.453625,48.789165
"2016-11-02 19:28:02",-122.453625,48.789166
"2016-11-02 19:28:06",-122.453625,48.789166
"2016-11-02 19:28:25",-122.453625,48.789164
"2016-11-02 19:28:29",-122.453625,48.789164
"2016-11-02 19:29:08",-122.453625,48.789164
"2016-11-02 19:29:40",-122.453625,48.789164
"2016-11-02 19:30:03",-122.453625,48.789165
"2016-11-02 19:30:34",-122.453625,48.789165
"2016-11-02 19:32:56",-122.453628,48.789166
"2016-11-02 19:33:05",-122.453628,48.789166
"2016-11-02 19:33:24",-122.453626,48.789166
"2016-11-02 19:33:28",-122.453626,48.789175
"2016-11-02 19:33:32",-122.453626,48.789177
"2016-11-02 19:33:36",-122.453624,48.789173
"2016-11-02 19:34:02",-122.453623,48.789172
"2016-11-02 19:34:17",-122.453624,48.789172
"2016-11-02 19:34:28",-122.453624,48.789172
"2016-11-02 19:36:04",-122.453625,48.789174
"2016-11-02 19:36:20",-122.453624,48.789174
"2016-11-02 19:36:31",-122.453624,48.789173
"2016-11-02 19:36:37",-122.453624,48.789173
"2016-11-02 19:37:06",-122.453625,48.789173
"2016-11-02 19:37:53",-122.453624,48.789174
"2016-11-02 19:37:58",-122.453624,48.789174
"2016-11-02 19:38:14",-122.453624,48.789174
"2016-11-02 19:38:36",-122.453624,48.789175
"2016-11-02 19:38:48",-122.453624,48.789175
"2016-11-02 19:39:40",-122.453624,48.789175
"2016-11-02 19:39:51",-122.453624,48.789176
"2016-11-02 19:40:16",-122.453624,48.789176
"2016-11-02 19:41:21",-122.453623,48.789177
"2016-11-02 19:42:07",-122.453623,48.789177
"2016-11-02 19:42:27",-122.453623,48.789176
"2016-11-02 19:42:54",-122.453624,48.789176
"2016-11-02 19:43:08",-122.453624,48.789176
"2016-11-02 19:43:19",-122.453624,48.789177
"2016-11-02 19:43:39",-122.453624,48.789177
"2016-11-02 19:45:13",-122.453624,48.789177
"2016-11-02 19:45:27",-122.453624,48.789177
"2016-11-02 19:45:40",-122.453624,48.789176
"2016-11-02 19:47:01",-122.453624,48.789177
"2016-11-02 19:47:31",-122.453625,48.789177
"2016-11-02 19:47:41",-122.453625,48.789176
"2016-11-02 19:48:51",-122.453625,48.789177
"2016-11-02 19:49:39",-122.453626,48.789176
"2016-11-02 19:49:46",-122.453626,48.789176
"2016-11-02 19:50:00",-122.453626,48.789176
"2016-11-02 19:50:22",-122.453626,48.789177
"2016-11-02 19:50:41",-122.453626,48.789177
"2016-11-02 19:51:22",-122.453626,48.789178
"2016-11-02 19:51:58",-122.453626,48.789178
"2016-11-02 19:52:48",-122.453628,48.789179
"2016-11-02 19:53:23",-122.453629,48.789179
"2016-11-02 19:53:48",-122.453629,48.789179
"2016-11-02 19:54:07",-122.453629,48.789179
"2016-11-02 19:54:16",-122.453629,48.78918
"2016-11-02 19:54:46",-122.45363,48.78918
"2016-11-02 19:55:08",-122.45363,48.78918
"2016-11-02 19:56:20",-122.453631,48.789182
"2016-11-02 19:56:30",-122.453631,48.789182
"2016-11-02 19:57:00",-122.453629,48.789186
"2016-11-02 19:57:04",-122.45363,48.789196
"2016-11-02 19:57:08",-122.453639,48.789199
"2016-11-02 19:57:31",-122.453647,48.789199
"2016-11-02 19:57:58",-122.453649,48.7892
"2016-11-02 19:58:02",-122.453652,48.789203
"2016-11-02 19:58:07",-122.45365,48.789188
"2016-11-02 20:00:00",-122.453651,48.789186
"2016-11-02 20:00:04",-122.453651,48.789186
"2016-11-02 20:00:12",-122.453651,48.789186
"2016-11-02 20:01:00",-122.453652,48.789188
"2016-11-02 20:01:10",-122.453652,48.789188
"2016-11-02 20:01:32",-122.453653,48.789188
"2016-11-02 20:01:38",-122.453651,48.789187
"2016-11-02 20:01:46",-122.453651,48.789186
"2016-11-02 20:02:00",-122.453644,48.789188
"2016-11-02 20:03:04",-122.45365,48.789198
"2016-11-02 20:03:33",-122.453651,48.789198
"2016-11-02 20:03:43",-122.453651,48.789198
"2016-11-02 20:04:36",-122.453652,48.789198
"2016-11-02 20:05:19",-122.453651,48.789198
"2016-11-02 20:06:12",-122.453651,48.789198
"2016-11-02 20:06:51",-122.453652,48.789198
"2016-11-02 20:07:09",-122.453653,48.789198
"2016-11-02 20:07:18",-122.453653,48.789198
"2016-11-02 20:07:59",-122.45366,48.789195
"2016-11-02 20:08:03",-122.453678,48.789193
"2016-11-02 20:08:08",-122.453706,48.789228
"2016-11-02 20:08:12",-122.453707,48.789243
"2016-11-02 20:08:16",-122.453706,48.789247
"2016-11-02 20:08:21",-122.453705,48.789249
"2016-11-02 20:08:42",-122.453705,48.789249
"2016-11-02 20:08:55",-122.453705,48.78925
"2016-11-02 20:09:40",-122.453704,48.789251
"2016-11-02 20:10:03",-122.453703,48.789246
"2016-11-02 20:10:07",-122.453706,48.789226
"2016-11-02 20:10:11",-122.453701,48.789227
"2016-11-02 20:10:15",-122.453698,48.789238
"2016-11-02 20:10:26",-122.453697,48.789242
"2016-11-02 20:10:31",-122.453681,48.789237
"2016-11-02 20:10:35",-122.453657,48.78923
"2016-11-02 20:10:40",-122.453647,48.789237
"2016-11-02 20:10:55",-122.453647,48.789238
"2016-11-02 20:11:12",-122.453648,48.789238
"2016-11-02 20:11:20",-122.453646,48.789243
"2016-11-02 20:11:24",-122.453661,48.789228
"2016-11-02 20:11:28",-122.453684,48.789208
"2016-11-02 20:11:33",-122.453689,48.789197
"2016-11-02 20:11:37",-122.453688,48.7892
"2016-11-02 20:11:42",-122.453688,48.789202
"2016-11-02 20:11:47",-122.453688,48.789203
"2016-11-02 20:11:54",-122.453688,48.789203
"2016-11-02 20:11:59",-122.453687,48.789204
"2016-11-02 20:12:08",-122.453688,48.789205
"2016-11-02 20:12:16",-122.453688,48.789205
"2016-11-02 20:12:22",-122.453687,48.789206
"2016-11-02 20:12:50",-122.453687,48.789207
"2016-11-02 20:13:08",-122.453686,48.789208
"2016-11-02 20:13:17",-122.453686,48.789209
"2016-11-02 20:13:26",-122.453686,48.789208
"2016-11-02 20:13:31",-122.453688,48.789207
"2016-11-02 20:13:36",-122.453696,48.789207
"2016-11-02 20:13:40",-122.453692,48.789207
"2016-11-02 20:14:00",-122.45369,48.789206
"2016-11-02 20:14:18",-122.453689,48.789206
"2016-11-02 20:15:08",-122.453689,48.789208
"2016-11-02 20:15:56",-122.453689,48.78921
"2016-11-02 20:16:02",-122.453689,48.78921
"2016-11-02 20:16:33",-122.453689,48.789211
"2016-11-02 20:16:43",-122.453688,48.789212
"2016-11-02 20:16:58",-122.453688,48.789213
"2016-11-02 20:17:10",-122.453688,48.789212
"2016-11-02 20:17:16",-122.453688,48.789211
"2016-11-02 20:17:24",-122.453688,48.789209
"2016-11-02 20:17:32",-122.453688,48.789208
"2016-11-02 20:17:40",-122.453688,48.789206
"2016-11-02 20:17:46",-122.453687,48.789205
"2016-11-02 20:17:57",-122.453687,48.789205
"2016-11-02 20:18:10",-122.453687,48.789204
"2016-11-02 20:18:17",-122.453687,48.789204
"2016-11-02 20:18:22",-122.453687,48.789203
"2016-11-02 20:18:43",-122.453687,48.789202
"2016-11-02 20:18:50",-122.453687,48.789202
"2016-11-02 20:19:07",-122.453687,48.789201
"2016-11-02 20:19:19",-122.453687,48.7892
"2016-11-02 20:19:44",-122.453687,48.7892
"2016-11-02 20:19:49",-122.453686,48.7892
"2016-11-02 20:20:05",-122.453686,48.789199
"2016-11-02 20:20:24",-122.453686,48.789198
"2016-11-02 20:20:35",-122.453686,48.789197
"2016-11-02 20:20:42",-122.453686,48.789197
"2016-11-02 20:20:51",-122.453686,48.789196
"2016-11-02 20:21:03",-122.453686,48.789195
"2016-11-02 20:21:33",-122.453685,48.789195
"2016-11-02 20:22:13",-122.453685,48.789194
"2016-11-02 20:22:25",-122.453685,48.789193
"2016-11-02 20:22:51",-122.453684,48.789192
"2016-11-02 20:23:20",-122.453684,48.789192
"2016-11-02 20:23:32",-122.453684,48.789191
"2016-11-02 20:23:46",-122.453684,48.789191
"2016-11-02 20:23:54",-122.453684,48.789191
"2016-11-02 20:24:02",-122.453683,48.789192
"2016-11-02 20:24:16",-122.453683,48.789193
"2016-11-02 20:25:03",-122.453683,48.789191
"2016-11-02 20:25:18",-122.453683,48.78919
"2016-11-02 20:25:25",-122.453683,48.789189
"2016-11-02 20:25:40",-122.453683,48.789188
"2016-11-02 20:25:56",-122.453683,48.789188
"2016-11-02 20:26:13",-122.453682,48.789187
"2016-11-02 20:26:28",-122.453682,48.789187
"2016-11-02 20:26:36",-122.453681,48.789186
"2016-11-02 20:26:50",-122.453681,48.789185
"2016-11-02 20:27:06",-122.453681,48.789185
"2016-11-02 20:27:38",-122.453681,48.789186
"2016-11-02 20:27:58",-122.45368,48.789185
"2016-11-02 20:28:25",-122.45368,48.789184
"2016-11-02 20:28:40",-122.453679,48.789184
"2016-11-02 20:29:15",-122.453678,48.789184
"2016-11-02 20:29:25",-122.453678,48.789184
"2016-11-02 20:30:26",-122.453677,48.789183
"2016-11-02 20:31:27",-122.453677,48.789181
"2016-11-02 20:31:42",-122.453676,48.789181
"2016-11-02 20:32:49",-122.453676,48.789181
"2016-11-02 20:33:30",-122.453676,48.789181
"2016-11-02 20:33:43",-122.453676,48.789181
"2016-11-02 20:34:06",-122.453676,48.789181
"2016-11-02 20:34:14",-122.453676,48.789181
"2016-11-02 20:34:19",-122.453676,48.789181
"2016-11-02 20:34:34",-122.453676,48.789181
"2016-11-02 20:34:56",-122.453676,48.789182
"2016-11-02 20:35:07",-122.453676,48.789181
"2016-11-02 20:35:15",-122.453676,48.789181
"2016-11-02 20:35:26",-122.453676,48.789181
"2016-11-02 20:35:35",-122.453675,48.789181
"2016-11-02 20:35:47",-122.453675,48.789181
"2016-11-02 20:35:51",-122.453675,48.789181
"2016-11-02 20:36:15",-122.453675,48.789181
"2016-11-02 20:36:23",-122.453675,48.789181
"2016-11-02 20:36:28",-122.453675,48.789181
"2016-11-02 20:36:35",-122.453675,48.789181
"2016-11-02 20:36:40",-122.453675,48.789181
"2016-11-02 20:36:47",-122.453675,48.789181
"2016-11-02 20:36:52",-122.453675,48.789181
"2016-11-02 20:36:59",-122.453674,48.789181
"2016-11-02 20:37:03",-122.453674,48.789181
"2016-11-02 20:37:11",-122.453674,48.789181
"2016-11-02 20:37:16",-122.453674,48.789181
"2016-11-02 20:37:21",-122.453674,48.789181
"2016-11-02 20:37:26",-122.453674,48.78918
"2016-11-02 20:37:48",-122.453674,48.78918
"2016-11-02 20:37:53",-122.453662,48.78918
"2016-11-02 20:38:00",-122.453649,48.789187
"2016-11-02 20:38:29",-122.453643,48.789169
"2016-11-02 20:38:33",-122.453671,48.789188
"2016-11-02 20:38:38",-122.453673,48.789192
"2016-11-02 20:38:46",-122.453675,48.789188
"2016-11-02 20:39:07",-122.453674,48.789188
"2016-11-02 20:39:16",-122.453674,48.789188
"2016-11-02 20:39:24",-122.453673,48.789188
"2016-11-02 20:39:29",-122.453673,48.789188
"2016-11-02 20:39:54",-122.453673,48.789188
"2016-11-02 20:41:38",-122.453671,48.789186
"2016-11-02 20:42:06",-122.453671,48.789186
"2016-11-02 20:43:37",-122.45367,48.789188
"2016-11-02 20:45:06",-122.453668,48.789188
"2016-11-02 20:45:21",-122.453668,48.789187
"2016-11-02 20:45:27",-122.453667,48.789188
"2016-11-02 20:47:29",-122.453664,48.789187
"2016-11-02 20:48:25",-122.453663,48.789187
"2016-11-02 20:48:33",-122.453663,48.789187
"2016-11-02 20:48:58",-122.453663,48.789186
"2016-11-02 20:49:21",-122.453663,48.789186
"2016-11-02 20:49:45",-122.453663,48.789186
"2016-11-02 20:49:50",-122.453663,48.789186
"2016-11-02 20:49:55",-122.453663,48.789186
"2016-11-02 20:49:59",-122.453663,48.789186
"2016-11-02 20:50:04",-122.453663,48.789186
"2016-11-02 20:50:14",-122.453663,48.789185
"2016-11-02 20:50:22",-122.453663,48.789185
"2016-11-02 20:50:31",-122.453663,48.789185
"2016-11-02 20:50:54",-122.453662,48.789186
"2016-11-02 20:50:59",-122.453662,48.789186
"2016-11-02 20:51:03",-122.453661,48.789186
"2016-11-02 20:51:08",-122.453661,48.789186
"2016-11-02 20:51:14",-122.453661,48.789185
"2016-11-02 20:51:22",-122.453661,48.789185
"2016-11-02 20:51:26",-122.453661,48.789185
"2016-11-02 20:51:47",-122.453661,48.789185
"2016-11-02 20:51:52",-122.453661,48.789185
"2016-11-02 20:51:56",-122.453661,48.789185
"2016-11-02 20:52:05",-122.45366,48.789185
"2016-11-02 20:52:13",-122.45366,48.789185
"2016-11-02 20:52:18",-122.45366,48.789185
"2016-11-02 20:52:23",-122.45366,48.789185
"2016-11-02 20:52:28",-122.45366,48.789185
"2016-11-02 20:52:36",-122.45366,48.789185
"2016-11-02 20:52:41",-122.45366,48.789185
"2016-11-02 20:52:49",-122.45366,48.789185
"2016-11-02 20:52:55",-122.45366,48.789185
"2016-11-02 20:53:04",-122.453659,48.789185
"2016-11-02 20:53:08",-122.453659,48.789185
"2016-11-02 20:53:15",-122.453659,48.789185
"2016-11-02 20:53:28",-122.453659,48.789185
"2016-11-02 20:53:37",-122.453659,48.789185
"2016-11-02 20:53:48",-122.453659,48.789185
"2016-11-02 20:53:53",-122.453659,48.789185
"2016-11-02 20:53:59",-122.453659,48.789185
"2016-11-02 20:54:11",-122.453658,48.789184
"2016-11-02 20:54:19",-122.453658,48.789184
"2016-11-02 20:54:29",-122.453658,48.789184
"2016-11-02 20:54:36",-122.453658,48.789184
"2016-11-02 20:54:41",-122.453658,48.789184
"2016-11-02 20:54:48",-122.453658,48.789184
"2016-11-02 20:54:55",-122.453658,48.789184
"2016-11-02 20:55:01",-122.453658,48.789184
"2016-11-02 20:55:06",-122.453657,48.789184
"2016-11-02 20:55:10",-122.453657,48.789184
"2016-11-02 20:55:20",-122.453657,48.789184
"2016-11-02 20:55:24",-122.453657,48.789184
"2016-11-02 20:55:28",-122.453657,48.789184
"2016-11-02 20:55:33",-122.453657,48.789184
"2016-11-02 20:55:37",-122.453657,48.789184
"2016-11-02 20:55:42",-122.453657,48.789184
"2016-11-02 20:55:46",-122.453657,48.789184
"2016-11-02 20:55:50",-122.453657,48.789184
"2016-11-02 20:55:58",-122.453656,48.789184
"2016-11-02 20:56:06",-122.453656,48.789184
"2016-11-02 20:56:30",-122.453656,48.789184
"2016-11-02 20:56:36",-122.453656,48.789184
"2016-11-02 20:56:41",-122.453656,48.789184
"2016-11-02 20:56:50",-122.453656,48.789184
"2016-11-02 20:56:54",-122.453656,48.789184
"2016-11-02 20:57:00",-122.453656,48.789184
"2016-11-02 20:57:05",-122.453656,48.789184
"2016-11-02 20:57:18",-122.453656,48.789184
"2016-11-02 20:57:27",-122.453656,48.789184
"2016-11-02 20:57:33",-122.453656,48.789184
"2016-11-02 20:57:38",-122.453656,48.789184
"2016-11-02 20:57:46",-122.453656,48.789184
"2016-11-02 20:57:52",-122.453656,48.789184
"2016-11-02 20:57:59",-122.453656,48.789184
"2016-11-02 20:58:07",-122.453656,48.789184
"2016-11-02 20:58:13",-122.453656,48.789184
"2016-11-02 20:58:21",-122.453656,48.789184
"2016-11-02 20:58:25",-122.453656,48.789184
"2016-11-02 20:58:32",-122.453656,48.789184
"2016-11-02 20:58:39",-122.453656,48.789184
"2016-11-02 20:58:48",-122.453656,48.789184
"2016-11-02 20:59:01",-122.453656,48.789184
"2016-11-02 20:59:09",-122.453656,48.789184
"2016-11-02 20:59:14",-122.453656,48.789184
"2016-11-02 20:59:18",-122.453656,48.789185
"2016-11-02 20:59:24",-122.453656,48.789185
"2016-11-02 20:59:30",-122.453656,48.789185
"2016-11-02 20:59:36",-122.453656,48.789185
"2016-11-02 20:59:43",-122.453656,48.789185
"2016-11-02 20:59:51",-122.453656,48.789185
"2016-11-02 20:59:57",-122.453656,48.789185
"2016-11-02 21:00:07",-122.453656,48.789185
"2016-11-02 21:00:12",-122.453656,48.789185
"2016-11-02 21:00:20",-122.453656,48.789185
"2016-11-02 21:00:28",-122.453656,48.789185
"2016-11-02 21:00:33",-122.453656,48.789185
"2016-11-02 21:00:39",-122.453656,48.789185
"2016-11-02 21:00:43",-122.453656,48.789185
"2016-11-02 21:00:47",-122.453656,48.789185
"2016-11-02 21:00:55",-122.453656,48.789185
"2016-11-02 21:01:01",-122.453656,48.789185
"2016-11-02 21:01:07",-122.453656,48.789185
"2016-11-02 21:01:11",-122.453656,48.789185
"2016-11-02 21:01:17",-122.453656,48.789185
"2016-11-02 21:01:26",-122.453656,48.789185
"2016-11-02 21:01:38",-122.453656,48.789185
"2016-11-02 21:01:43",-122.453656,48.789185
"2016-11-02 21:01:47",-122.453656,48.789185
"2016-11-02 21:01:54",-122.453656,48.789185
"2016-11-02 21:02:03",-122.453656,48.789185
"2016-11-02 21:02:07",-122.453656,48.789185
"2016-11-02 21:02:12",-122.453656,48.789185
"2016-11-02 21:02:17",-122.453656,48.789185
"2016-11-02 21:02:22",-122.453656,48.789186
"2016-11-02 21:02:30",-122.453656,48.789186
"2016-11-02 21:02:36",-122.453656,48.789186
"2016-11-02 21:02:45",-122.453656,48.789186
"2016-11-02 21:02:51",-122.453656,48.789186
"2016-11-02 21:03:06",-122.453656,48.789186
"2016-11-02 21:03:18",-122.453656,48.789186
"2016-11-02 21:03:22",-122.453657,48.789186
"2016-11-02 21:03:29",-122.453657,48.789187
"2016-11-02 21:03:38",-122.453657,48.789187
"2016-11-02 21:03:44",-122.453656,48.789187
"2016-11-02 21:03:48",-122.453656,48.789187
"2016-11-02 21:03:53",-122.453656,48.789187
"2016-11-02 21:03:58",-122.453656,48.789187
"2016-11-02 21:04:06",-122.453656,48.789187
"2016-11-02 21:04:11",-122.453655,48.78919
"2016-11-02 21:04:16",-122.453654,48.789191
"2016-11-02 21:04:21",-122.453654,48.789191
"2016-11-02 21:04:25",-122.453654,48.789191
"2016-11-02 21:04:30",-122.453654,48.789191
"2016-11-02 21:04:35",-122.453654,48.789192
"2016-11-02 21:04:40",-122.453654,48.789192
"2016-11-02 21:04:58",-122.453654,48.789193
"2016-11-02 21:05:05",-122.453654,48.789193
"2016-11-02 21:05:13",-122.453654,48.789193
"2016-11-02 21:05:23",-122.453653,48.789194
"2016-11-02 21:05:27",-122.453653,48.789194
"2016-11-02 21:05:32",-122.453653,48.789195
"2016-11-02 21:05:38",-122.453653,48.789195
"2016-11-02 21:05:47",-122.453653,48.789196
"2016-11-02 21:05:55",-122.453653,48.789196
"2016-11-02 21:05:59",-122.453653,48.789196
"2016-11-02 21:06:03",-122.453653,48.789196
"2016-11-02 21:06:08",-122.453653,48.789196
"2016-11-02 21:06:26",-122.453653,48.789196
"2016-11-02 21:06:31",-122.453653,48.789196
"2016-11-02 21:06:39",-122.453653,48.789196
"2016-11-02 21:06:44",-122.453653,48.789196
"2016-11-02 21:06:48",-122.453653,48.789196
"2016-11-02 21:06:54",-122.453653,48.789196
"2016-11-02 21:06:59",-122.453653,48.789196
"2016-11-02 21:07:03",-122.453653,48.789196
"2016-11-02 21:07:11",-122.453652,48.789196
"2016-11-02 21:07:16",-122.453652,48.789196
"2016-11-02 21:07:22",-122.453652,48.789196
"2016-11-02 21:07:27",-122.453652,48.789196
"2016-11-02 21:07:32",-122.453652,48.789196
"2016-11-02 21:07:38",-122.453653,48.789196
"2016-11-02 21:07:46",-122.453653,48.789196
"2016-11-02 21:07:51",-122.453653,48.789196
"2016-11-02 21:07:56",-122.453653,48.789196
"2016-11-02 21:08:01",-122.453653,48.789196
"2016-11-02 21:08:06",-122.453653,48.789196
"2016-11-02 21:08:10",-122.453653,48.789196
"2016-11-02 21:08:14",-122.453653,48.789196
"2016-11-02 21:08:21",-122.453653,48.789197
"2016-11-02 21:08:25",-122.453653,48.789197
"2016-11-02 21:08:30",-122.453653,48.789197
"2016-11-02 21:08:35",-122.453653,48.789197
"2016-11-02 21:08:39",-122.453653,48.789197
"2016-11-02 21:08:44",-122.453653,48.789197
"2016-11-02 21:08:48",-122.453653,48.789197
"2016-11-02 21:08:59",-122.453653,48.789197
"2016-11-02 21:09:05",-122.453653,48.789197
"2016-11-02 21:09:11",-122.453653,48.789197
"2016-11-02 21:09:16",-122.453653,48.789197
"2016-11-02 21:09:21",-122.453653,48.789197
"2016-11-02 21:09:26",-122.453653,48.789197
"2016-11-02 21:09:31",-122.453653,48.789197
"2016-11-02 21:09:35",-122.453653,48.789197
"2016-11-02 21:09:40",-122.453653,48.789198
"2016-11-02 21:09:44",-122.453653,48.789198
"2016-11-02 21:09:48",-122.453653,48.789198
"2016-11-02 21:09:52",-122.453653,48.789198
"2016-11-02 21:09:59",-122.453653,48.789198
"2016-11-02 21:10:05",-122.453653,48.789197
"2016-11-02 21:10:09",-122.453652,48.789197
"2016-11-02 21:10:14",-122.453652,48.789197
"2016-11-02 21:10:20",-122.453652,48.789197
"2016-11-02 21:10:25",-122.453652,48.789197
"2016-11-02 21:10:30",-122.453652,48.789197
"2016-11-02 21:10:34",-122.453652,48.789197
"2016-11-02 21:10:38",-122.453652,48.789197
"2016-11-02 21:10:43",-122.453652,48.789197
"2016-11-02 21:10:56",-122.453652,48.789197
"2016-11-02 21:11:01",-122.453652,48.789197
"2016-11-02 21:11:06",-122.453651,48.789197
"2016-11-02 21:11:37",-122.453651,48.789196
"2016-11-02 21:11:43",-122.453651,48.789196
"2016-11-02 21:13:45",-122.45365,48.789198
"2016-11-02 21:16:18",-122.45365,48.789198
"2016-11-02 21:16:34",-122.453649,48.789198
"2016-11-02 21:16:39",-122.453621,48.789188
"2016-11-02 21:16:44",-122.453605,48.789188
"2016-11-02 21:16:49",-122.453605,48.789185
"2016-11-02 21:16:56",-122.453608,48.78918
"2016-11-02 21:17:00",-122.45362,48.789163
"2016-11-02 21:17:05",-122.453632,48.789169
"2016-11-02 21:17:09",-122.453635,48.789174
"2016-11-02 21:17:19",-122.453635,48.789175
"2016-11-02 21:17:30",-122.453636,48.789176
"2016-11-02 21:17:35",-122.453632,48.789179
"2016-11-02 21:17:51",-122.453632,48.789179
"2016-11-02 21:17:57",-122.453632,48.789179
"2016-11-02 21:18:17",-122.453632,48.78918
"2016-11-02 21:19:04",-122.453633,48.789181
"2016-11-02 21:19:24",-122.453633,48.78918
"2016-11-02 21:19:46",-122.453633,48.789181
"2016-11-02 21:20:39",-122.453633,48.789183
"2016-11-02 21:20:50",-122.453633,48.789183
"2016-11-02 21:21:04",-122.453633,48.789184
"2016-11-02 21:21:18",-122.453634,48.789185
"2016-11-02 21:21:46",-122.453634,48.789186
"2016-11-02 21:22:33",-122.453634,48.789187
"2016-11-02 21:22:48",-122.453634,48.789187
"2016-11-02 21:23:04",-122.453634,48.789188
"2016-11-02 21:23:17",-122.453634,48.789188
"2016-11-02 21:23:30",-122.453635,48.789187
"2016-11-02 21:23:59",-122.453634,48.789186
"2016-11-02 21:24:17",-122.453634,48.789186
"2016-11-02 21:24:24",-122.453634,48.789186
"2016-11-02 21:25:17",-122.453635,48.789187
"2016-11-02 21:26:03",-122.453635,48.789188
"2016-11-02 21:26:14",-122.453635,48.789188
"2016-11-02 21:26:20",-122.453635,48.789188
"2016-11-02 21:27:43",-122.453635,48.789188
"2016-11-02 21:28:53",-122.453636,48.789189
"2016-11-02 21:29:06",-122.453636,48.789188
"2016-11-02 21:30:18",-122.453636,48.789187
"2016-11-02 21:31:29",-122.453637,48.789185
"2016-11-02 21:32:26",-122.453636,48.789185
"2016-11-02 21:32:34",-122.453637,48.789185
"2016-11-02 21:32:57",-122.453637,48.789186
"2016-11-02 21:33:14",-122.453637,48.789186
"2016-11-02 21:33:25",-122.453636,48.789186
"2016-11-02 21:34:03",-122.453636,48.789187
"2016-11-02 21:34:10",-122.453636,48.789187
"2016-11-02 21:34:22",-122.453636,48.789187
"2016-11-02 21:34:30",-122.453636,48.789187
"2016-11-02 21:34:41",-122.453635,48.789187
"2016-11-02 21:34:51",-122.453636,48.789187
"2016-11-02 21:35:22",-122.453637,48.789187
"2016-11-02 21:35:45",-122.453636,48.789188
"2016-11-02 21:36:07",-122.453636,48.78919
"2016-11-02 21:36:34",-122.453636,48.78919
"2016-11-02 21:36:40",-122.453636,48.78919
"2016-11-02 21:37:20",-122.453637,48.78919
"2016-11-02 21:38:45",-122.453637,48.789191
"2016-11-02 21:38:55",-122.453637,48.789191
"2016-11-02 21:39:27",-122.453636,48.789192
"2016-11-02 21:39:40",-122.453636,48.789192
"2016-11-02 21:39:53",-122.453636,48.789192
"2016-11-02 21:40:41",-122.453636,48.789191
"2016-11-02 21:41:17",-122.453636,48.789192
"2016-11-02 21:41:54",-122.453636,48.789192
"2016-11-02 21:42:28",-122.453636,48.789192
"2016-11-02 21:42:38",-122.453637,48.789192
"2016-11-02 21:42:44",-122.453636,48.789192
"2016-11-02 21:45:05",-122.453637,48.789193
"2016-11-02 21:45:13",-122.453637,48.789193
"2016-11-02 21:45:31",-122.453637,48.789193
"2016-11-02 21:49:18",-122.453638,48.789194
"2016-11-02 21:50:15",-122.453639,48.789194
"2016-11-02 21:50:40",-122.45364,48.789194
"2016-11-02 21:51:31",-122.45364,48.789194
"2016-11-02 21:52:43",-122.45364,48.789193
"2016-11-02 21:52:53",-122.45364,48.789193
"2016-11-02 21:53:33",-122.45364,48.789194
"2016-11-02 21:53:40",-122.45364,48.789192
"2016-11-02 21:53:44",-122.453639,48.789191
"2016-11-02 21:54:19",-122.453638,48.78919
"2016-11-02 21:54:50",-122.453638,48.78919
"2016-11-02 21:55:30",-122.453638,48.78919
"2016-11-02 21:55:35",-122.453638,48.78919
"2016-11-02 21:56:21",-122.453639,48.78919
"2016-11-02 21:56:59",-122.453638,48.789189
"2016-11-02 21:57:37",-122.453638,48.789189
"2016-11-02 21:57:44",-122.453638,48.789189
"2016-11-02 21:58:16",-122.453638,48.789189
"2016-11-02 21:58:26",-122.453638,48.789188
"2016-11-02 21:58:30",-122.453638,48.789188
"2016-11-02 21:58:40",-122.453638,48.789188
"2016-11-02 21:59:06",-122.453638,48.789189
"2016-11-02 21:59:31",-122.453638,48.789189
"2016-11-02 22:00:04",-122.453638,48.789189
"2016-11-02 22:01:43",-122.453637,48.78918
"2016-11-02 22:01:47",-122.453634,48.789165
"2016-11-02 22:01:51",-122.453629,48.78916
"2016-11-02 22:01:55",-122.45363,48.789163
"2016-11-02 22:02:37",-122.453631,48.789166
"2016-11-02 22:02:51",-122.453631,48.789166
"2016-11-02 22:03:30",-122.453632,48.789166
"2016-11-02 22:04:25",-122.453631,48.789167
"2016-11-02 22:04:54",-122.453631,48.789167
"2016-11-02 22:05:19",-122.453631,48.789168
"2016-11-02 22:05:47",-122.453631,48.789168
"2016-11-02 22:05:54",-122.453632,48.789168
"2016-11-02 22:05:59",-122.453632,48.789169
"2016-11-02 22:06:15",-122.453632,48.789168
"2016-11-02 22:06:36",-122.453632,48.789168
"2016-11-02 22:06:54",-122.453632,48.789168
"2016-11-02 22:07:12",-122.453632,48.789168
"2016-11-02 22:07:19",-122.453632,48.789168
"2016-11-02 22:07:27",-122.453632,48.789168
"2016-11-02 22:08:05",-122.453632,48.789168
"2016-11-02 22:08:58",-122.453634,48.789169
"2016-11-02 22:09:28",-122.453634,48.789169
"2016-11-02 22:10:00",-122.453635,48.78917
"2016-11-02 22:10:13",-122.453635,48.789169
"2016-11-02 22:10:21",-122.453636,48.789169
"2016-11-02 22:10:33",-122.453636,48.789168
"2016-11-02 22:10:50",-122.453636,48.789168
"2016-11-02 22:10:57",-122.453637,48.789168
"2016-11-02 22:11:01",-122.45364,48.789171
"2016-11-02 22:11:05",-122.453643,48.789171
"2016-11-02 22:11:09",-122.453647,48.789167
"2016-11-02 22:11:20",-122.453648,48.789166
"2016-11-02 22:11:29",-122.453647,48.789166
"2016-11-02 22:11:41",-122.453648,48.789166
"2016-11-02 22:12:20",-122.453648,48.789166
"2016-11-02 22:12:41",-122.453647,48.789166
"2016-11-02 22:13:43",-122.453647,48.789167
"2016-11-02 22:14:25",-122.453648,48.789167
"2016-11-02 22:14:50",-122.453648,48.789167
"2016-11-02 22:15:15",-122.453648,48.789168
"2016-11-02 22:15:26",-122.453647,48.789168
"2016-11-02 22:15:30",-122.453645,48.789169
"2016-11-02 22:15:41",-122.453645,48.78917
"2016-11-02 22:16:34",-122.453645,48.789171
"2016-11-02 22:17:08",-122.453645,48.789171
"2016-11-02 22:17:21",-122.453645,48.789171
"2016-11-02 22:18:19",-122.453645,48.789172
"2016-11-02 22:18:41",-122.453645,48.789172
"2016-11-02 22:19:14",-122.453646,48.789173
"2016-11-02 22:19:27",-122.453646,48.789173
"2016-11-02 22:19:49",-122.453646,48.789173
"2016-11-02 22:20:25",-122.453646,48.789174
"2016-11-02 22:20:38",-122.453646,48.789174
"2016-11-02 22:21:12",-122.453647,48.789174
"2016-11-02 22:21:45",-122.453647,48.789173
"2016-11-02 22:22:39",-122.453647,48.789174
"2016-11-02 22:24:05",-122.453647,48.789175
"2016-11-02 22:24:40",-122.453647,48.789175
"2016-11-02 22:25:26",-122.453647,48.789176
"2016-11-02 22:25:52",-122.453647,48.789177
"2016-11-02 22:26:01",-122.453647,48.789177
"2016-11-02 22:26:48",-122.453645,48.789178
"2016-11-02 22:28:46",-122.453643,48.789179
"2016-11-02 22:29:32",-122.453643,48.789179
"2016-11-02 22:29:46",-122.453643,48.789179
"2016-11-02 22:30:04",-122.453643,48.789179
"2016-11-02 22:32:18",-122.453643,48.789179
"2016-11-02 22:32:27",-122.453643,48.789179
"2016-11-02 22:32:31",-122.453643,48.789179
"2016-11-02 22:33:51",-122.453642,48.78918
"2016-11-02 22:36:10",-122.453641,48.78918
"2016-11-02 22:36:56",-122.453641,48.789181
"2016-11-02 22:37:44",-122.45364,48.789181
"2016-11-02 22:38:49",-122.453639,48.789183
"2016-11-02 22:39:57",-122.453638,48.789184
"2016-11-02 22:41:34",-122.453637,48.789185
"2016-11-02 22:41:44",-122.453637,48.789185
"2016-11-02 22:41:49",-122.453637,48.789185
"2016-11-02 22:41:59",-122.453637,48.789185
"2016-11-02 22:42:09",-122.453637,48.789186
"2016-11-02 22:42:19",-122.453637,48.789186
"2016-11-02 22:42:29",-122.453637,48.789186
"2016-11-02 22:42:39",-122.453637,48.789186
"2016-11-02 22:42:49",-122.453636,48.789186
"2016-11-02 22:42:56",-122.453636,48.789186
"2016-11-02 22:43:01",-122.453637,48.789186
"2016-11-02 22:43:09",-122.453637,48.789186
"2016-11-02 22:43:13",-122.453637,48.789186
"2016-11-02 22:43:19",-122.453637,48.789186
"2016-11-02 22:43:27",-122.453637,48.789186
"2016-11-02 22:43:31",-122.453648,48.789185
"2016-11-02 22:43:35",-122.453658,48.789181
"2016-11-02 22:43:39",-122.453655,48.789178
"2016-11-02 22:43:46",-122.453655,48.789176
"2016-11-02 22:43:51",-122.453654,48.789178
"2016-11-02 22:43:55",-122.453654,48.789178
"2016-11-02 22:44:00",-122.453654,48.789178
"2016-11-02 22:44:05",-122.453654,48.789178
"2016-11-02 22:44:09",-122.453654,48.789178
"2016-11-02 22:44:13",-122.453654,48.789178
"2016-11-02 22:44:19",-122.453654,48.789178
"2016-11-02 22:44:25",-122.453654,48.789178
"2016-11-02 22:44:29",-122.453654,48.789178
"2016-11-02 22:44:34",-122.453654,48.789178
"2016-11-02 22:44:39",-122.453653,48.789178
"2016-11-02 22:44:43",-122.453653,48.789178
"2016-11-02 22:44:47",-122.453653,48.789178
"2016-11-02 22:44:52",-122.453654,48.789179
"2016-11-02 22:44:56",-122.453654,48.789179
"2016-11-02 22:45:01",-122.453654,48.789179
"2016-11-02 22:45:05",-122.453654,48.789179
"2016-11-02 22:45:10",-122.453654,48.789179
"2016-11-02 22:45:15",-122.453654,48.789179
"2016-11-02 22:45:19",-122.453653,48.789179
"2016-11-02 22:45:23",-122.453653,48.78918
"2016-11-02 22:45:28",-122.453653,48.78918
"2016-11-02 22:45:33",-122.453653,48.789181
"2016-11-02 22:45:37",-122.453653,48.789181
"2016-11-02 22:45:43",-122.453653,48.789181
"2016-11-02 22:45:47",-122.453653,48.78918
"2016-11-02 22:45:52",-122.453653,48.78918
"2016-11-02 22:45:56",-122.453653,48.78918
"2016-11-02 22:46:00",-122.453653,48.78918
"2016-11-02 22:46:05",-122.453653,48.78918
"2016-11-02 22:46:10",-122.453653,48.78918
"2016-11-02 22:46:15",-122.453653,48.789181
"2016-11-02 22:46:19",-122.453653,48.789181
"2016-11-02 22:46:25",-122.453653,48.789181
"2016-11-02 22:46:30",-122.453653,48.789181
"2016-11-02 22:46:34",-122.453653,48.78918
"2016-11-02 22:46:40",-122.453653,48.78918
"2016-11-02 22:46:44",-122.453653,48.78918
"2016-11-02 22:46:49",-122.453653,48.78918
"2016-11-02 22:46:57",-122.453653,48.78918
"2016-11-02 22:47:02",-122.453653,48.789179
"2016-11-02 22:47:06",-122.453653,48.789179
"2016-11-02 22:47:10",-122.453653,48.789178
"2016-11-02 22:47:14",-122.453653,48.789178
"2016-11-02 22:47:19",-122.453653,48.789178
"2016-11-02 22:47:23",-122.453653,48.789178
"2016-11-02 22:47:29",-122.453653,48.789177
"2016-11-02 22:47:39",-122.453653,48.789177
"2016-11-02 22:47:49",-122.453653,48.789177
"2016-11-02 22:47:59",-122.453654,48.789176
"2016-11-02 22:48:09",-122.453654,48.789175
"2016-11-02 22:48:19",-122.453654,48.789174
"2016-11-02 22:48:29",-122.453654,48.789175
"2016-11-02 22:48:34",-122.453654,48.789175
"2016-11-02 22:48:40",-122.453654,48.789175
"2016-11-02 22:48:46",-122.453654,48.789175
"2016-11-02 22:48:52",-122.453654,48.789175
"2016-11-02 22:48:58",-122.453654,48.789175
"2016-11-02 22:49:42",-122.453655,48.789175
"2016-11-02 22:49:53",-122.453655,48.789175
"2016-11-02 22:50:08",-122.453655,48.789175
"2016-11-02 22:50:15",-122.453655,48.789175
"2016-11-02 22:50:23",-122.453655,48.789175
"2016-11-02 22:50:31",-122.453655,48.789175
"2016-11-02 22:50:38",-122.453655,48.789174
"2016-11-02 22:50:49",-122.453655,48.789174
"2016-11-02 22:51:09",-122.453655,48.789174
"2016-11-02 22:51:23",-122.453655,48.789173
"2016-11-02 22:51:48",-122.45366,48.789179
"2016-11-02 22:51:52",-122.453643,48.789183
"2016-11-02 22:51:56",-122.453634,48.789184
"2016-11-02 22:52:00",-122.453633,48.789184
"2016-11-02 22:52:06",-122.453633,48.789183
"2016-11-02 22:52:13",-122.453634,48.789182
"2016-11-02 22:52:18",-122.453634,48.789183
"2016-11-02 22:52:24",-122.453633,48.789183
"2016-11-02 22:52:28",-122.453633,48.789183
"2016-11-02 22:52:33",-122.453633,48.789183
"2016-11-02 22:52:43",-122.453634,48.789182
"2016-11-02 22:52:48",-122.453633,48.789182
"2016-11-02 22:53:02",-122.453633,48.789183
"2016-11-02 22:53:12",-122.453634,48.789182
"2016-11-02 22:53:17",-122.453634,48.789182
"2016-11-02 22:53:32",-122.453635,48.789181
"2016-11-02 22:53:43",-122.453634,48.789182
"2016-11-02 22:53:49",-122.453634,48.789182
"2016-11-02 22:53:53",-122.453634,48.789182
"2016-11-02 22:54:09",-122.453634,48.789182
"2016-11-02 22:54:19",-122.453634,48.789182
"2016-11-02 22:54:29",-122.453634,48.789182
"2016-11-02 22:54:37",-122.453634,48.789182
"2016-11-02 22:54:44",-122.453634,48.789181
"2016-11-02 22:54:52",-122.453634,48.789181
"2016-11-02 22:54:56",-122.453634,48.789181
"2016-11-02 22:55:03",-122.453633,48.789182
"2016-11-02 22:55:08",-122.453633,48.789182
"2016-11-02 22:55:13",-122.453633,48.789182
"2016-11-02 22:55:24",-122.453633,48.789183
"2016-11-02 22:55:30",-122.453633,48.789182
"2016-11-02 22:55:40",-122.453634,48.789182
"2016-11-02 22:55:45",-122.453634,48.789181
"2016-11-02 22:55:50",-122.453635,48.78918
"2016-11-02 22:55:57",-122.453635,48.78918
"2016-11-02 22:56:02",-122.453639,48.78916
"2016-11-02 22:56:06",-122.453648,48.789136
"2016-11-02 22:56:11",-122.453657,48.789112
"2016-11-02 22:56:15",-122.453658,48.789109
"2016-11-02 22:56:19",-122.453658,48.789109
"2016-11-02 22:56:23",-122.453658,48.789109
"2016-11-02 22:56:30",-122.453658,48.78911
"2016-11-02 22:56:35",-122.453658,48.789111
"2016-11-02 22:56:40",-122.453658,48.789111
"2016-11-02 22:56:46",-122.453658,48.789111
"2016-11-02 22:56:51",-122.453658,48.789111
"2016-11-02 22:56:56",-122.453658,48.789112
"2016-11-02 22:57:01",-122.453657,48.789113
"2016-11-02 22:57:10",-122.453656,48.789114
"2016-11-02 22:57:14",-122.453656,48.789114
"2016-11-02 22:57:19",-122.453656,48.789115
"2016-11-02 22:57:25",-122.453656,48.789115
"2016-11-02 22:57:29",-122.453656,48.789115
"2016-11-02 22:57:34",-122.453656,48.789116
"2016-11-02 22:57:39",-122.453656,48.789116
"2016-11-02 22:57:43",-122.453656,48.789116
"2016-11-02 22:57:48",-122.453656,48.789116
"2016-11-02 22:57:53",-122.453657,48.789116
"2016-11-02 22:57:59",-122.453657,48.789116
"2016-11-02 22:58:05",-122.453657,48.789116
"2016-11-02 22:58:10",-122.453656,48.789116
"2016-11-02 22:58:14",-122.453656,48.789117
"2016-11-02 22:58:19",-122.453656,48.789117
"2016-11-02 22:58:23",-122.453656,48.789117
"2016-11-02 22:58:29",-122.453656,48.789118
"2016-11-02 22:58:33",-122.453656,48.789118
"2016-11-02 22:58:38",-122.453656,48.789118
"2016-11-02 22:58:42",-122.453656,48.789118
"2016-11-02 22:58:46",-122.453656,48.789118
"2016-11-02 22:58:51",-122.453656,48.789118
"2016-11-02 22:58:56",-122.453656,48.789118
"2016-11-02 22:59:00",-122.453656,48.789119
"2016-11-02 22:59:06",-122.453655,48.78912
"2016-11-02 22:59:10",-122.453655,48.789121
"2016-11-02 22:59:14",-122.453654,48.789121
"2016-11-02 22:59:20",-122.453654,48.789122
"2016-11-02 22:59:26",-122.453654,48.789122
"2016-11-02 22:59:31",-122.453654,48.789122
"2016-11-02 22:59:37",-122.453654,48.789122
"2016-11-02 22:59:43",-122.453655,48.789122
"2016-11-02 22:59:47",-122.453655,48.789122
"2016-11-02 22:59:51",-122.453655,48.789122
"2016-11-02 22:59:56",-122.453654,48.789122
"2016-11-02 23:00:01",-122.453654,48.789123
"2016-11-02 23:00:07",-122.453654,48.789123
"2016-11-02 23:00:13",-122.453654,48.789123
"2016-11-02 23:00:19",-122.453654,48.789123
"2016-11-02 23:00:24",-122.453654,48.789123
"2016-11-02 23:00:30",-122.453653,48.789124
"2016-11-02 23:00:34",-122.453653,48.789124
"2016-11-02 23:00:39",-122.453653,48.789124
"2016-11-02 23:00:43",-122.453653,48.789125
"2016-11-02 23:00:51",-122.453652,48.789126
"2016-11-02 23:00:57",-122.453652,48.789127
"2016-11-02 23:01:09",-122.453652,48.789128
"2016-11-02 23:01:15",-122.453652,48.789128
"2016-11-02 23:01:31",-122.453652,48.789128
"2016-11-02 23:01:37",-122.453651,48.789129
"2016-11-02 23:01:45",-122.453651,48.78913
"2016-11-02 23:01:52",-122.45365,48.789131
"2016-11-02 23:01:58",-122.45365,48.789131
"2016-11-02 23:02:02",-122.45365,48.789131
"2016-11-02 23:02:08",-122.45365,48.789131
"2016-11-02 23:02:13",-122.45365,48.789132
"2016-11-02 23:02:17",-122.45365,48.789132
"2016-11-02 23:02:26",-122.453649,48.789133
"2016-11-02 23:02:31",-122.453649,48.789134
"2016-11-02 23:02:36",-122.453649,48.789135
"2016-11-02 23:02:44",-122.453648,48.789136
"2016-11-02 23:02:48",-122.453648,48.789136
"2016-11-02 23:02:52",-122.453648,48.789137
"2016-11-02 23:03:03",-122.453648,48.789137
"2016-11-02 23:03:08",-122.453648,48.789137
"2016-11-02 23:03:14",-122.453648,48.789138
"2016-11-02 23:03:20",-122.453647,48.789138
"2016-11-02 23:03:25",-122.453647,48.789138
"2016-11-02 23:03:29",-122.453647,48.789138
"2016-11-02 23:03:34",-122.453647,48.789139
"2016-11-02 23:03:38",-122.453647,48.789139
"2016-11-02 23:03:44",-122.453647,48.78914
"2016-11-02 23:03:50",-122.453647,48.78914
"2016-11-02 23:03:54",-122.453647,48.78914
"2016-11-02 23:03:59",-122.453647,48.78914
"2016-11-02 23:04:04",-122.453647,48.78914
"2016-11-02 23:04:08",-122.453647,48.78914
"2016-11-02 23:04:16",-122.453647,48.78914
"2016-11-02 23:04:21",-122.453647,48.78914
"2016-11-02 23:04:25",-122.453647,48.78914
"2016-11-02 23:04:33",-122.453647,48.78914
"2016-11-02 23:04:38",-122.453647,48.78914
"2016-11-02 23:04:42",-122.453647,48.78914
"2016-11-02 23:04:47",-122.453647,48.78914
"2016-11-02 23:04:51",-122.453647,48.78914
"2016-11-02 23:05:05",-122.453646,48.78914
"2016-11-02 23:05:10",-122.453646,48.78914
"2016-11-02 23:05:14",-122.453646,48.78914
"2016-11-02 23:05:19",-122.453646,48.789141
"2016-11-02 23:05:24",-122.453646,48.789141
"2016-11-02 23:05:29",-122.453646,48.789141
"2016-11-02 23:05:33",-122.453646,48.789141
"2016-11-02 23:05:39",-122.453646,48.789142
"2016-11-02 23:07:18",-122.453646,48.789143
"2016-11-02 23:07:34",-122.453646,48.789144
"2016-11-02 23:08:04",-122.453645,48.789145
"2016-11-02 23:08:30",-122.453651,48.789144
"2016-11-02 23:08:34",-122.453671,48.789147
"2016-11-02 23:08:41",-122.45369,48.789152
"2016-11-02 23:09:05",-122.453692,48.78915
"2016-11-02 23:09:12",-122.453692,48.78915
"2016-11-02 23:09:42",-122.453692,48.789151
"2016-11-02 23:09:58",-122.453692,48.789151
"2016-11-02 23:10:06",-122.453692,48.789151
"2016-11-02 23:10:23",-122.453692,48.789151
"2016-11-02 23:10:55",-122.453692,48.789151
"2016-11-02 23:11:11",-122.453692,48.789151
"2016-11-02 23:11:16",-122.453692,48.789152
"2016-11-02 23:11:26",-122.453692,48.789152
"2016-11-02 23:11:52",-122.453692,48.789152
"2016-11-02 23:11:58",-122.453692,48.789152
"2016-11-02 23:12:05",-122.453692,48.789152
"2016-11-02 23:12:14",-122.453692,48.789152
"2016-11-02 23:12:21",-122.453692,48.789152
"2016-11-02 23:12:27",-122.453692,48.789153
"2016-11-02 23:12:37",-122.453693,48.789153
"2016-11-02 23:12:41",-122.453663,48.789151
"2016-11-02 23:12:45",-122.45365,48.78915
"2016-11-02 23:12:57",-122.453648,48.789153
"2016-11-02 23:13:27",-122.453644,48.789153
"2016-11-02 23:13:31",-122.45363,48.789135
"2016-11-02 23:13:36",-122.453627,48.78913
"2016-11-02 23:13:41",-122.453626,48.789133
"2016-11-02 23:14:03",-122.453626,48.789134
"2016-11-02 23:14:13",-122.453627,48.789134
"2016-11-02 23:14:23",-122.453627,48.789135
"2016-11-02 23:14:30",-122.453628,48.789136
"2016-11-02 23:15:22",-122.453628,48.789139
"2016-11-02 23:15:27",-122.453628,48.789139
"2016-11-02 23:15:33",-122.453629,48.78914
"2016-11-02 23:15:46",-122.45363,48.78914
"2016-11-02 23:15:57",-122.45363,48.789141
"2016-11-02 23:16:19",-122.453632,48.789142
"2016-11-02 23:16:33",-122.453632,48.789143
"2016-11-02 23:16:52",-122.453631,48.789144
"2016-11-02 23:16:57",-122.453634,48.789143
"2016-11-02 23:17:01",-122.453639,48.78915
"2016-11-02 23:17:05",-122.45364,48.789166
"2016-11-02 23:17:45",-122.453641,48.789174
"2016-11-02 23:17:56",-122.453641,48.789174
"2016-11-02 23:18:17",-122.45364,48.789174
"2016-11-02 23:18:51",-122.45364,48.789175
"2016-11-02 23:19:01",-122.45364,48.789176
"2016-11-02 23:19:41",-122.45364,48.789175
"2016-11-02 23:19:50",-122.453639,48.789176
"2016-11-02 23:20:51",-122.453639,48.789177
"2016-11-02 23:21:00",-122.453638,48.789177
"2016-11-02 23:21:04",-122.453635,48.789164
"2016-11-02 23:21:10",-122.453639,48.789155
"2016-11-02 23:22:06",-122.453641,48.789156
"2016-11-02 23:22:10",-122.453642,48.789158
"2016-11-02 23:22:15",-122.453644,48.789171
"2016-11-02 23:22:20",-122.453646,48.789179
"2016-11-02 23:22:28",-122.453648,48.789182
"2016-11-02 23:22:37",-122.453647,48.789184
"2016-11-02 23:23:31",-122.453647,48.789185
"2016-11-02 23:23:43",-122.453647,48.789186
"2016-11-02 23:23:48",-122.453647,48.789186
"2016-11-02 23:23:53",-122.453646,48.789187
"2016-11-02 23:24:05",-122.453648,48.789181
"2016-11-02 23:24:19",-122.453648,48.789176
"2016-11-02 23:24:24",-122.453646,48.789184
"2016-11-02 23:24:29",-122.453648,48.789168
"2016-11-02 23:24:54",-122.453648,48.789165
"2016-11-02 23:25:55",-122.453647,48.789169
"2016-11-02 23:26:35",-122.453647,48.789171
"2016-11-02 23:26:46",-122.453647,48.789172
"2016-11-02 23:27:10",-122.453647,48.789174
"2016-11-02 23:27:35",-122.453647,48.789175
"2016-11-02 23:28:27",-122.453646,48.789179
"2016-11-02 23:29:24",-122.453646,48.789182
"2016-11-02 23:29:46",-122.453646,48.789183
"2016-11-02 23:30:05",-122.453646,48.789183
"2016-11-02 23:31:10",-122.453646,48.789183
"2016-11-02 23:31:40",-122.453646,48.789183
"2016-11-02 23:32:22",-122.453647,48.789184
"2016-11-02 23:33:03",-122.453647,48.789183
"2016-11-02 23:33:39",-122.453647,48.789184
"2016-11-02 23:34:00",-122.453647,48.789184
"2016-11-02 23:34:32",-122.453647,48.789184
"2016-11-02 23:35:06",-122.453647,48.789185
"2016-11-02 23:35:24",-122.453647,48.789185
"2016-11-02 23:35:42",-122.453646,48.789187
"2016-11-02 23:36:20",-122.453646,48.789187
"2016-11-02 23:36:43",-122.453646,48.789188
"2016-11-02 23:37:05",-122.453646,48.789188
"2016-11-02 23:38:05",-122.453647,48.78919
"2016-11-02 23:38:57",-122.453647,48.78919
"2016-11-02 23:39:21",-122.453647,48.78919
"2016-11-02 23:39:46",-122.453646,48.789191
"2016-11-02 23:40:06",-122.453647,48.789191
"2016-11-02 23:40:32",-122.453647,48.789191
"2016-11-02 23:43:52",-122.453648,48.78919
"2016-11-02 23:44:22",-122.453649,48.789189
"2016-11-02 23:47:49",-122.45365,48.789189
"2016-11-02 23:48:06",-122.45365,48.789189
"2016-11-02 23:48:28",-122.45365,48.789189
"2016-11-02 23:48:41",-122.45365,48.789189
"2016-11-02 23:49:09",-122.45365,48.789189
"2016-11-02 23:50:34",-122.45365,48.789191
"2016-11-02 23:51:47",-122.453649,48.789191
"2016-11-02 23:53:27",-122.45365,48.789191
"2016-11-02 23:54:52",-122.45365,48.789192
"2016-11-02 23:55:19",-122.45365,48.789193
"2016-11-02 23:55:39",-122.45365,48.789193
"2016-11-02 23:59:21",-122.45365,48.789194
